관리_건축물대장_PK,관리_상위_건축물대장_PK,새주소_지상지하_코드,주소,용적율,주건축물수,세대수,가구수,주차_대수
11530-602,,지상,서울특별시 구로구 경인로53길 15,174.92,5,0,0,3421
11590-824,,지상,서울특별시 동작구 상도로53길 8,229.25,28,1656,0,2275
11320-100207251,,지상,방학동 345-0,149.71,0,0,0,4
11470-100183612,,,서울특별시 양천구 안양천로 683,24.57,2,0,0,5
11305-252,,지상,서울특별시 강북구 오현로 9,94.29,4,0,0,0
11230-165,,지상,서울특별시 동대문구 장안벚꽃로 107,308.12,25,2264,0,2990
11200-399,,지상,송정동 73-36,4.63,33,0,0,0
11260-100259630,,지상,서울특별시 중랑구 동일로91길 23,299.99,5,453,0,557
11290-100253538,,지상,서울특별시 성북구 돌곶이로8길 22,244.51,15,1091,0,1308
11560-27,,지상,영등포동4가 428-17,0.0,2,0,1,0
11545-652,,지상,서울특별시 금천구 가산디지털1로 42,136.78,7,0,0,145
11620-175,,지상,서울특별시 관악구 청룡16길 25,119.53,3,0,0,75
11320-82,,지상,서울특별시 도봉구 노해로63길 75,291.6,5,205,0,247
11290-100259611,,지상,서울특별시 성북구 숭인로 50,299.9,27,2352,0,2610
11530-536,,지상,구로동 317-22,0.0,1,0,2,0
11230-1256,,지상,청량리동 1-1,0.0,0,0,0,80
11110-100187671,,지상,서울특별시 종로구 세종대로 175,71.2257,3,0,0,0
11740-100218045,,지상,길동 129-0,199.98,2,22,0,17
11440-100189233,,지상,서울특별시 마포구 모래내로 87,47.1979,2,0,0,7
11560-100186564,,지상,서울특별시 영등포구 도림로145길 28,249.52,3,121,0,143
11305-509,,지상,서울특별시 강북구 삼각산로 58,131.11,7,0,0,376
11215-557,,지상,서울특별시 광진구 뚝섬로33길 20,301.53,5,329,0,344
11545-464,,지상,서울특별시 금천구 금하로 793,249.47,22,2336,0,1641
11170-158,,지상,보광동 238-2,111.35,9,0,0,165
11740-374,,지상,서울특별시 강동구 상암로 11,393.53,17,2938,0,3012
11110-207,,지상,서울특별시 종로구 낙산길 198,0.0,14,1006,0,0
11560-541,,지상,서울특별시 영등포구 선유서로21길 19,0.0,4,417,0,0
11740-100264882,,지상,서울특별시 강동구 고덕로 333,249.84,58,4932,0,7167
11410-100185809,,지상,서울특별시 서대문구 연세로 50,69.4148,101,0,0,0
11350-37,,지상,서울특별시 노원구 중계로 172-13,172.95,2,130,0,0
11710-100469242,,지상,서울특별시 송파구 송파대로 55,131.78,2,0,0,1622
11680-74,,지상,서울특별시 강남구 일원로 81,99.25,10,0,0,2850
11200-334,,지상,서울특별시 성동구 행당로 27,243.78,5,169,0,200
11545-327,,지상,서울특별시 금천구 금하로 796,265.94,4,1288,0,571
11200-531,,지상,서울특별시 성동구 마장로42길 16,0.0,0,819,0,341
11200-722,,지상,서울특별시 성동구 살곶이길 50,334.61,11,1017,0,1096
11200-903,,지상,서울특별시 성동구 왕십리로 66-15,0.0,5,155,0,0
11200-999,,지상,서울특별시 성동구 행당로 79,254.2,41,3649,0,3384
11215-100190662,,지상,서울특별시 광진구 능동로 90,611.97,2,0,0,1407
11215-100228447,,지상,서울특별시 광진구 뚝섬로56가길 23,199.17,2,20,0,14
11560-172,,지상,서울특별시 영등포구 선유로43가길 24,365.57,8,532,0,693
11230-265,,지상,서울특별시 동대문구 회기로10길 63,88.3,6,0,0,0
11290-341,,지상,서울특별시 성북구 보문로29길 49,54.81,7,0,0,152
11410-100181764,,지상,서울특별시 서대문구 성산로 531,0.0,3,0,2,0
11380-341,,지상,서울특별시 은평구 응암로22길 12-7,0.0,2,0,2,0
11440-1130,,지상,서울특별시 마포구 성암로1길 12,302.03,2,172,0,195
11500-446,,지상,서울특별시 강서구 개화동로 495,59.6946,4,0,0,84
11740-253,,지상,서울특별시 강동구 구천면로40길 14,100.87,2,0,1,0
11710-6,,지상,서울특별시 송파구 성내천로 211,346.98,4,247,0,266
11500-100204668,,지상,서울특별시 강서구 방화대로34길 13,84.19,3,0,0,53
11410-100198341,,지상,서울특별시 서대문구 서소문로 43-12,37.17,0,0,0,32
11620-346,,지상,서울특별시 관악구 은천로 93,333.12,22,2105,0,2251
11230-100208122,,지상,서울특별시 동대문구 장안벚꽃로1길 7,249024.56,12,859,0,1002
11260-100216202,,지상,망우동 241-2,39.85,2,0,0,34
11170-17,,지상,서울특별시 용산구 효창원로 17,315.05,17,1102,0,1415
11710-100240066,,지상,서울특별시 송파구 양재대로 932,0.0,13,0,0,0
11740-226,,지상,천호동 45-10,0.0,4,0,4,0
11740-152,,지상,서울특별시 강동구 구천면로41길 79,369.84,2,226,0,243
11620-703,,지상,서울특별시 관악구 관악로30길 12,0.0,2,0,0,0
11740-100179898,,지상,서울특별시 강동구 아리수로94길 19,164.24,11,553,0,631
11680-398,,지상,서울특별시 강남구 개포로109길 74,41.82,2,0,0,0
11740-100220081,,지상,암사동 449-23,199.98,2,29,0,21
11380-14,,지상,서울특별시 은평구 연서로 247,0.0,2,0,0,0
11740-100221162,,지상,성내동 541-1,181.11,2,0,0,0
11440-100237275,,지상,망원동 450-3,10.35,3,0,0,0
11290-428,,지상,서울특별시 성북구 회기로5길 100,287.86,4,397,0,384
11290-1320,,,하월곡동 39-1,1.75,3,72,0,57
11545-100261251,,지상,서울특별시 금천구 벚꽃로 100,363.25,10,927,0,1418
11290-100209911,,지상,종암동 135-0,244.71,7,393,0,454
11620-647,,지상,서울특별시 관악구 관악로 285,302.43,11,1261,0,1664
11560-976,,지상,서울특별시 영등포구 문래북로 22,0.0,2,149,0,0
11320-472,,지상,서울특별시 도봉구 도봉로150길 42,254.01,5,288,0,328
11740-100174835,,지상,서울특별시 강동구 고덕로 131,276.95,43,3226,0,4596
11710-229,,지상,서울특별시 송파구 문정로 83,292.91,33,1696,0,3258
11440-100246058,,지상,도화동 25-13,310.0677,3,0,0,353
11710-98,,지상,서울특별시 송파구 올림픽로47길 9,0.0,4,417,0,0
11545-437,,지상,서울특별시 금천구 시흥대로138길 33,0.0,2,0,0,0
11530-100246791,,지상,서울특별시 구로구 항동로 43,211.67,12,1170,0,1299
11530-100255067,,지상,서울특별시 구로구 연동로 233,217.36,8,419,0,661
11740-100260902,,지상,서울특별시 강동구 상암로79길 88,249.9213,22,1859,0,2392
11530-100246173,,지상,서울특별시 구로구 연동로 191-5,210.0,3,276,0,207
11530-100253427,,지상,서울특별시 구로구 항동로 42,179.31,10,634,0,823
11530-100251987,,지상,서울특별시 구로구 연동로 234,216.63,7,646,0,743
11530-100258047,,지상,서울특별시 구로구 항동로 8,219.91,6,337,0,500
11440-100233854,,지상,상암동 1602-0,374.44,2,0,0,462
11740-100195710,,지상,서울특별시 강동구 구천면로 236-1,76.13,2,0,0,100
11530-100244333,,지상,서울특별시 구로구 서해안로 2036,199.83,7,384,0,406
11530-100256494,,지상,서울특별시 구로구 부광로 96-16,219.89,5,345,0,457
11710-584,,지상,서울특별시 송파구 중대로 24,0.0,60,4524,0,0
11500-100276612,,지상,등촌동 659-0,226.43,3,0,0,498
11620-149,,지상,서울특별시 관악구 구암길 106,293.09,5,1843,0,898
11350-100184989,,지상,서울특별시 노원구 누원로 28,184.18,12,696,0,751
11440-100239295,,지상,상암동 2-243,221.71,2,0,0,1
11140-100232662,,지상,서울특별시 중구 왕십리로 407,261.4834,8,718,0,586
11530-864,,지상,서울특별시 구로구 중앙로1길 36,380.7,1,0,0,0
11560-25,,지상,서울특별시 영등포구 경인로 813-1,0.0,3,0,1,0
11545-278,,지상,서울특별시 금천구 범안로 1136,253.43,8,566,0,648
11545-289,,지상,서울특별시 금천구 시흥대로114길 19,105.11,2,0,1,0
11680-220,,지상,서울특별시 강남구 일원로 120,247.32,10,628,0,0
11740-450,,지상,서울특별시 강동구 구천면로 365-13,248.89,2,131,0,149
11470-701,,지상,서울특별시 양천구 목동중앙북로12길 22,0.0,2,0,2,0
11740-100172903,,지상,서울특별시 강동구 동남로 783,59.7066,2,0,1,4
11740-100181692,,지상,서울특별시 강동구 아리수로93가길 25,116.86,8,282,0,327
11260-496,,지상,서울특별시 중랑구 용마산로 252,0.0,5,682,0,0
11350-709,,지상,서울특별시 노원구 동일로183길 34,379.63,2,174,0,176
11650-363,,지상,서울특별시 서초구 사임당로17길 90,463.07,2,84,0,267
11110-837,,지상,구기동 202-0,0.0,2,0,2,0
11560-100187244,,지상,서울특별시 영등포구 신길로 119,216.79,7,284,0,418
11290-1128,,지상,서울특별시 성북구 길음로 119,254.41,28,1634,0,2088
11650-383,,지상,서울특별시 서초구 남부순환로 2406,48.3338,9,0,0,1263
11380-760,,지상,서울특별시 은평구 갈현로11길 30,188.93,14,0,0,242
11290-100226608,,지상,정릉동 1037-0,257.61,9,349,0,395
11215-481,,,광장동 313-3,72.79,2,0,0,88
11200-852,,지상,서울특별시 성동구 독서당로 272,290.22,16,1239,0,1465
11620-100283348,,지상,서울특별시 관악구 참숯1길 19,220.93,14,519,0,770
11560-1744,,지상,서울특별시 영등포구 당산로4길 12,249.79,19,1302,0,2040
11260-284,,지상,서울특별시 중랑구 양원역로 18,251.32,12,686,0,689
11230-1175,,지상,전농동 694-0,52.99,42,0,0,1016
11650-61,,지상,서울특별시 서초구 명달로6길 31,276.53,2,154,0,314
11440-835,,지상,서교동 394-55,64.8,2,0,1,0
11440-180,,지상,서울특별시 마포구 독막로7길 48,207.45,2,0,0,25
11290-644,,지상,서울특별시 성북구 정릉로24길 18,0.0,2,0,2,0
11290-267,,지상,서울특별시 성북구 북악산로 844,238.69,19,1074,0,1177
11290-1377,,지상,서울특별시 성북구 성북로4길 52,0.0,41,4515,0,4932
11170-99,,지상,서울특별시 용산구 녹사평대로 254,106.7,17,407,0,0
11170-104,,지상,서울특별시 용산구 장문로 141,222.85,6,283,0,478
11740-100262840,,지상,서울특별시 강동구 고덕로80길 99,249.97,21,1745,0,2558
11560-2076,,지상,서울특별시 영등포구 당산로 214,299.71,27,1391,0,2504
11560-100265269,,지상,영등포동7가 208-0,605.15,4,185,0,326
11530-100198295,,지상,서울특별시 구로구 천왕로 56,197.52,14,1044,0,1193
11350-388,,지상,서울특별시 노원구 한글비석로 506,78.57,0,0,0,113
11350-100199311,,지상,중계동 606-0,270.88,5,0,0,415
11740-100254946,,지상,서울특별시 강동구 양재대로 1650,299.98,13,1900,0,2304
11500-100202474,,지상,서울특별시 강서구 하늘길 38,27.87,25,0,0,7175
11545-411,,지상,서울특별시 금천구 한내로 62,249.19,15,1000,0,925
11545-410,,지상,서울특별시 금천구 독산로50길 89,313.05,15,786,0,937
11560-1381,,지상,서울특별시 영등포구 국회대로44길 2,154.27,5,0,0,79
11530-1023,,지상,서울특별시 구로구 개봉로20길 6,320.26,33,2414,0,3060
11320-280,,지상,쌍문동 388-1,101.26,6,0,0,364
11440-1065,,지상,서울특별시 마포구 와우산로14길 12,45.69,2,0,3,0
11260-100214307,,지상,서울특별시 중랑구 신내역로3길 40-11,17.52,2,0,0,40
11230-1319,,지상,서울특별시 동대문구 서울시립대로 11,73.09,0,0,0,4
11290-100243036,,지상,장위동 319-0,280.78,6,513,0,587
11590-17,,지상,서울특별시 동작구 여의대방로 28,325.33,8,880,0,880
11470-100195314,,지상,서울특별시 양천구 신정이펜1로 51,160.92,13,546,0,656
11380-49,,지상,서울특별시 은평구 은평터널로 65,252.54,14,976,0,1077
11230-336,,지상,제기동 122-486,0.0,0,0,3,0
11740-100182802,,지상,서울특별시 강동구 고덕로97길 29,163.4,14,841,0,980
11230-525,,지상,서울특별시 동대문구 황물로15길 25,209.24,7,516,0,597
11470-295,,지상,서울특별시 양천구 목동중앙북로 38,290.68,14,1067,0,1440
11470-100192785,,지상,신정동 1322-0,103.5,21,471,0,646
11740-600,,지상,서울특별시 강동구 진황도로 189,258.17,4,235,0,183
11650-100198175,,지상,서울특별시 서초구 바우뫼로12길 73,11.66,2,0,0,2
11500-100225415,,지상,가양동 254-1,112.38,4,0,0,20
11290-719,,지상,서울특별시 성북구 보문로40길 17,0.0,2,0,2,0
11440-100197573,,지상,서울특별시 마포구 상암산로1길 55,161.14,15,490,0,741
11590-769,,지상,서울특별시 동작구 노량진로 247,3.58,4,0,0,14
11530-703,,지상,서울특별시 구로구 부일로15가길 3,180.65,2,0,0,10
11500-310,,지상,서울특별시 강서구 양천로 731,376.71,9,570,0,708
11500-521,,지상,서울특별시 강서구 허준로 139,0.0,13,1736,0,0
11740-100207193,,지상,서울특별시 강동구 아리수로82길 42,50.55,3,0,0,0
11710-425,,지상,서울특별시 송파구 양재대로 1239,58.01,13,0,0,420
11620-100197744,,지상,서울특별시 관악구 관악로 1,28.78,147,0,0,14
11650-100196208,,지상,서울특별시 서초구 서초중앙로24길 33,268.33,6,435,0,763
11650-100227914,,지상,서울특별시 서초구 청계산로7길 43,204.3,12,547,0,695
11170-100217619,,지상,서울특별시 용산구 이태원로27길 39-11,75.13,2,12,0,25
11170-100222039,,지상,서울특별시 용산구 백범로99길 40,961.97,4,1086,0,687
11260-587,,지상,서울특별시 중랑구 동일로126가길 11,67.0,3,0,0,27
11260-282,,지상,서울특별시 중랑구 신내로15길 110,84.2,2,0,0,48
11710-100491391,,지상,문정동 651-0,599.66,2,0,0,1279
11710-382,,지상,서울특별시 송파구 풍성로24길 42,319.36,5,384,0,0
11350-168,,지상,서울특별시 노원구 동일로215길 23,0.0,21,1931,0,0
11380-801,,지상,서울특별시 은평구 통일로 780,0.0,11,1342,0,0
11230-100185458,,지상,서울특별시 동대문구 망우로 82,48.94,10,0,3,700
11350-714,,지상,서울특별시 노원구 공릉로46길 32,245.04,10,845,0,730
11290-1391,,지상,서울특별시 성북구 오패산로 46,279.5,32,2197,0,2733
11350-498,,지상,서울특별시 노원구 한글비석로1길 8,117.7,2,0,0,29
11110-100185480,,지상,서울특별시 종로구 평창문화로 156,174.24,6,112,0,375
11440-854,,지상,서울특별시 마포구 새창로8길 72,234.02,11,474,0,1017
11440-972,,지상,상수동 72-1,199.37,24,0,0,0
11290-586,,지상,서울특별시 성북구 북악산로 828,373.76,4,406,0,454
11530-68,,지상,서울특별시 구로구 신도림로 78,402.3,10,814,0,1064
11650-233,,지상,서울특별시 서초구 나루터로 46,298.91,2,117,1,216
11230-632,,지상,회기동 1-5,10.75,70,0,0,2610
11350-563,,지상,서울특별시 노원구 노원로1길 42,60.8863,2,0,0,34
11380-689,,지상,서울특별시 은평구 은평로 239,74.13,4,0,0,0
11410-188,,지상,서울특별시 서대문구 통일로34길 48,289.64,11,700,0,815
11740-370,,지상,서울특별시 강동구 양재대로 1706,296.6,10,807,0,695
11200-100187769,,지상,서울특별시 성동구 고산자로 177,224.73,10,457,0,539
11290-1581,,지상,서울특별시 성북구 한천로76길 73,0.0,4,315,0,0
11440-125,,지상,서울특별시 마포구 마포대로 174,277.08,2,0,0,371
11230-1034,,지상,서울특별시 동대문구 서울시립대로 31,398.15,3,617,0,395
11215-33,,지상,서울특별시 광진구 긴고랑로 73-1,0.0,2,0,2,0
11500-100309452,,지상,방화동 259-8,39.46,2,0,0,0
11215-100239709,,지상,서울특별시 광진구 뚝섬로 561,107.37,2,0,0,69
11560-100227398,,지상,영등포동7가 94-93,514.54,2,0,0,13
11560-100256488,,지상,영등포동5가 88-0,473.88,2,25,0,69
11170-138,,지상,서울특별시 용산구 이촌로 255,60.02,3,0,0,0
11200-1134,,지상,서울특별시 성동구 행당로17길 16,0.0,0,0,2,0
11200-100225917,,지상,행당동 375-0,231.22,9,465,0,479
11440-100200410,,지상,공덕동 469-0,233.9037,10,794,0,933
11200-803,,지상,서울특별시 성동구 금호로 100,232.35,5,1232,0,416
11530-100195618,,,신도림동 692-0,746.7729,2,524,0,2447
11560-164,,지상,서울특별시 영등포구 양평로24길 9,282.68,11,1218,0,0
11500-100336439,,지상,서울특별시 강서구 양천로47길 12,299.98,5,0,0,131
11560-100194014,,지상,서울특별시 영등포구 당산로31길 32,242.95,4,284,0,285
11230-100198841,,지상,장안동 581-0,239.72,2,116,0,121
11650-145,,지상,서울특별시 서초구 서초대로27길 45,201.65,2,19,0,51
11290-100205114,,지상,서울특별시 성북구 화랑로 210-26,203.82,5,199,0,253
11590-821,,지하,서울특별시 동작구 여의대방로54길 6,249.93,3,163,0,190
11305-127,,지상,우이동 69-0,1.3,7,0,0,14
11350-100211452,,지상,서울특별시 노원구 중계로8길 20,285.13,6,453,0,530
11470-205,,지상,서울특별시 양천구 신정로13길 38,281.83,7,391,0,507
11470-304,,지상,서울특별시 양천구 신정로11길 20,247.43,5,238,0,345
11470-305,,지상,서울특별시 양천구 신정로11길 20,246.77,7,532,0,767
11290-289,,,동선동1가 85-89,0.0,5,0,2,0
11590-100196412,,지상,본동 494-0,250.22,6,523,0,631
11590-100245043,,지상,서울특별시 동작구 현충로 210,6.57,2,0,0,5
11740-401,,지상,서울특별시 강동구 풍성로37길 55,243.84,2,151,0,184
11530-100237460,,지상,서울특별시 구로구 안양천로537길 16,17.08,2,0,0,10
11290-819,,지상,서울특별시 성북구 길음로9길 40,248.73,16,1125,0,1306
11320-232,,지상,서울특별시 도봉구 우이천로 304,0.0,14,824,0,0
11410-63,,지상,서울특별시 서대문구 거북골로 34,133.14,8,0,0,540
11650-143,,지상,서울특별시 서초구 효령로68길 81,257.8,4,184,0,386
11350-583,,지상,서울특별시 노원구 덕릉로60길 268,275.86,3,199,0,126
11710-228,,지상,서울특별시 송파구 올림픽로43길 88,224.9,23,0,0,3623
11290-1427,,지상,정릉동 729-1,29.73,4,0,0,0
11530-169,,지상,서울특별시 구로구 신도림로 16,316.43,29,2304,0,2776
11260-57,,지상,서울특별시 중랑구 상봉중앙로8길 76,257.65,10,467,0,539
11260-433,,지상,서울특별시 중랑구 신내로 110,0.0,9,831,0,0
11260-12,,지상,서울특별시 중랑구 송림길 16,359.56,2,152,0,165
11260-654,,지상,서울특별시 중랑구 숙선옹주로 91,190.87,13,1070,0,0
11260-6,,지상,서울특별시 중랑구 봉화산로 216,312.64,4,478,0,0
11290-100205778,,지상,서울특별시 성북구 길음로9길 50,195.26,3,242,0,176
11545-382,,지상,서울특별시 금천구 남부순환로122길 28-4,171.89,2,0,2,0
11740-545,,지상,서울특별시 강동구 상암로 309,0.0,9,84,0,12
11710-661,,지상,서울특별시 송파구 마천로61다길 28-7,0.0,2,0,0,0
11320-228,,지상,서울특별시 도봉구 도봉로146길 36,301.2,4,174,0,205
11290-100201070,,지상,종암동 134-1,199.72,2,188,0,132
11290-100200393,,지상,서울특별시 성북구 길음로13길 22,223.99,7,0,0,566
11530-998,,지상,서울특별시 구로구 개봉로24길 35,0.0,9,27,0,0
11590-100252834,,지상,서울특별시 동작구 양녕로 220,221.55,17,950,0,1159
11290-683,,지상,서울특별시 성북구 정릉로 390,0.0,6,619,0,0
11290-269,,지상,서울특별시 성북구 숭인로2길 61,243.59,2,300,0,210
11740-100180479,,지상,서울특별시 강동구 아리수로94길 72,144.82,10,410,0,465
11290-329,,지상,서울특별시 성북구 오패산로 46,257.94,4,458,0,349
11290-1650,,지상,서울특별시 성북구 솔샘로25길 11-14,286.69,2,332,0,0
11590-936,,지상,서울특별시 동작구 국사봉길 175,218.7,3,118,0,135
11545-458,,지상,서울특별시 금천구 금하로 816,270.37,28,2810,0,3096
11230-156,,지상,서울특별시 동대문구 외대역동로1길 24,330.0,2,243,0,329
11545-287,,지상,서울특별시 금천구 시흥대로102길 5,57.56,2,0,1,0
11290-1151,,지상,서울특별시 성북구 길음로 74,245.99,14,560,0,688
11560-100210976,,지상,당산동4가 97-0,248.39,2,54,0,70
11560-100211516,,지상,여의도동 28-1,940.01,3,0,0,632
11410-100244004,,지상,서울특별시 서대문구 거북골로 100,249.25,12,997,0,1276
11530-100194978,,지상,서울특별시 구로구 천왕로 10,199.01,9,522,0,636
11560-1729,,지상,서울특별시 영등포구 문래로 84,264.57,15,776,0,1400
11740-100191167,,지상,서울특별시 강동구 상일로 152,196.44,10,605,0,693
11215-338,,지상,군자동 149-12,70.04,2,0,2,0
11590-1081,,지상,서울특별시 동작구 알마타길 58,245.64,5,278,0,349
11290-100201287,,지상,서울특별시 성북구 종암로24가길 80,227.76,10,837,0,1011
11545-241,,지상,서울특별시 금천구 범안로17길 12,331.88,3,235,0,212
11230-1366,,지상,서울특별시 동대문구 한천로11길 10-1,328.04,7,767,0,838
11590-100188172,,지상,서울특별시 동작구 상도로30길 39,220.32,5,190,0,255
11500-171,,지상,서울특별시 강서구 양천로24길 54-9,300.0,1,69,0,68
11200-349,,지상,서울특별시 성동구 난계로 84,245.12,15,758,0,848
11200-714,,지상,서울특별시 성동구 동일로 263,349.06,3,447,0,449
11590-100247753,,지상,서울특별시 동작구 현충로 52,205.3139,25,1073,0,1352
11380-100186678,,지상,서울특별시 은평구 진관4로 48-8,151.78,6,194,0,240
11530-720,,지상,서울특별시 구로구 가마산로 87,247.9,8,378,0,539
11560-1222,,지상,서울특별시 영등포구 버드나루로 130,336.57,14,801,0,1013
11530-105,,지상,서울특별시 구로구 경인로 230-13,449.99,2,218,0,195
11470-539,,지상,서울특별시 양천구 오목로13길 7,332.84,2,215,0,240
11530-535,,지상,서울특별시 구로구 구로중앙로7길 28,0.0,5,493,0,0
11410-59,,지상,서울특별시 서대문구 증가로 200-8,237.68,4,235,0,269
11410-283,,지상,서울특별시 서대문구 홍은중앙로 149,260.03,8,340,0,491
11590-1080,,지상,서울특별시 동작구 여의대방로62길 23,401.64,2,206,0,207
11410-100188429,,지상,서울특별시 서대문구 충정로11길 27,0.0,0,0,0,0
11410-100181654,,지상,서울특별시 서대문구 봉원사길 120,0.0,10,0,10,0
11410-100181600,,지상,서울특별시 서대문구 신촌로 103,0.0,2,0,1,0
11380-100255319,,지상,서울특별시 은평구 연서로34길 11,165.99,2,0,0,12
11110-772,,지상,서울특별시 종로구 홍지문길 64,0.0,10,134,0,164
11740-100223738,,지상,천호동 293-17,199.56,2,28,0,25
11740-151,,지상,서울특별시 강동구 천호대로 1055,315.7,6,649,0,535
11110-100188747,,지상,서울특별시 종로구 북촌로11길 76,82.32,2,0,0,2
11260-4,,지상,서울특별시 중랑구 용마산로125길 50,329.26,9,284,0,331
11545-416,,지상,서울특별시 금천구 벚꽃로 73,280.22,12,996,0,853
11260-100257670,,지상,서울특별시 중랑구 상봉중앙로6길 17,199.69,2,24,0,21
11260-100227427,,지상,망우동 460-1,237.21,2,0,0,24
11305-27,,지상,서울특별시 강북구 4.19로 123,0.0,6,0,0,0
11710-100233470,,지상,서울특별시 송파구 성내천로37길 37,192.01,16,812,0,891
11650-68,,지상,서울특별시 서초구 남부순환로 2183,296.66,5,344,0,641
11530-884,,지상,서울특별시 구로구 중앙로6길 17,291.46,5,355,0,448
11500-100210370,,지상,서울특별시 강서구 남부순환로 121,56.16,3,0,0,56
11650-100223454,,지상,서울특별시 서초구 양재대로2길 109,195.0,7,550,0,1102
11410-100240763,,지상,서울특별시 서대문구 홍은중앙로3길 9,244.73,12,497,0,586
11200-877,,지상,서울특별시 성동구 고산자로16길 8-1,394.87,0,259,0,210
11530-1019,,지상,서울특별시 구로구 경인로 382,335.38,29,1983,0,2504
11590-100245660,,지상,서울특별시 동작구 서달로 123,239.8,8,545,0,700
11200-1055,,지상,서울특별시 성동구 고산자로 306,0.0,0,0,2,0
11650-186,,지상,서울특별시 서초구 서운로 197,296.7,15,990,0,1442
11650-469,,지상,서울특별시 서초구 신반포로33길 15,316.02,25,991,0,1025
11710-418,,지상,서울특별시 송파구 석촌호수로 169,273.27,35,2678,0,4113
11740-100182655,,지상,서울특별시 강동구 올림픽로89길 55,221.9,3,134,0,175
11620-100221461,,지상,서울특별시 관악구 미성길 123,82.65,2,0,0,0
11740-100199596,,지상,서울특별시 강동구 동남로79길 26,240.99,15,1142,0,2024
11650-141,,지상,서울특별시 서초구 동광로 89-5,232.88,5,192,0,634
11200-100233417,,지상,서울특별시 성동구 고산자로2길 65,280.94,9,1034,0,1356
11530-624,,지상,서울특별시 구로구 신도림로 32,246.06,6,362,0,411
11500-724,,지상,서울특별시 강서구 오정로 443-25,14.77,10,0,0,0
11200-100213957,,지상,서울특별시 성동구 금호로 173,217.68,11,1156,0,1289
11470-290,,지상,서울특별시 양천구 목동중앙서로 37,286.78,7,371,0,564
11470-677,,지상,서울특별시 양천구 목동로 186,0.0,37,2550,0,1285
11590-402,,지상,서울특별시 동작구 상도로60길 20,314.79,4,279,0,288
11650-100288615,,지상,서울특별시 서초구 서운로 62,299.27,13,1317,0,2523
11530-100197960,,지상,서울특별시 구로구 천왕로 91,152.78,6,314,0,343
11470-100196156,,지상,신정동 1321-0,137.12,13,466,0,592
11470-307,,지상,서울특별시 양천구 목동동로12길 13,120.99,2,0,2,0
11545-245,,지상,서울특별시 금천구 독산로50길 23,40.21,3,0,0,160
11320-302,,지상,서울특별시 도봉구 우이천로32길 67,227.27,5,495,0,215
11650-100231714,,지상,서울특별시 서초구 헌릉로8길 58,188.75,27,1264,0,1767
11545-34,,지상,서울특별시 금천구 시흥대로 192,148.66,2,0,0,6
11560-542,,지상,서울특별시 영등포구 영등포로3길 9,361.31,6,388,0,401
11590-953,,지상,서울특별시 동작구 장승배기로10길 130,229.1,24,1122,0,1651
11545-100220559,,지상,독산동 1147-0,297.46,14,1743,0,2282
11305-283,,지상,서울특별시 강북구 삼각산로 85,64.86,2,0,0,114
11470-100210185,,지상,신월동 1063-0,234.93,12,930,0,1005
11470-287,,지상,서울특별시 양천구 화곡로3길 34,262.86,3,126,0,149
11200-100229437,,지상,서울특별시 성동구 난계로 100,226.66,8,713,0,933
11200-1143,,지상,서울특별시 성동구 성수일로8길 47,302.28,13,616,0,884
11170-117,,지상,서울특별시 용산구 새창로 93,270.59,2,0,6,18
11170-100191513,,지상,서울특별시 용산구 효창원로 88,191.1,4,195,0,224
11710-446,,지상,서울특별시 송파구 오금로32길 14,290.66,13,845,0,1382
11530-605,,지상,서울특별시 구로구 새말로 31,251.58,12,718,0,898
11410-509,,지상,서울특별시 서대문구 신촌로 13,0.0,2,0,5,31
11650-65,,지상,서울특별시 서초구 방배로 278,283.69,3,122,0,268
11350-720,,지상,서울특별시 노원구 공릉로 126,310.6,9,579,0,659
11710-100556202,,지상,서울특별시 송파구 위례송파로 123,212.88,20,1282,0,1633
11560-1203,,지상,서울특별시 영등포구 문래로 137,249.68,3,134,0,154
11590-772,,지상,서울특별시 동작구 노량진로23가길 16,377.27,6,306,0,320
11320-392,,지상,서울특별시 도봉구 덕릉로63가길 61,284.3,8,952,0,1016
11440-527,,지상,서울특별시 마포구 백범로37길 12,287.3,13,833,0,1065
11110-558,,지상,평창동 477-9,34.1909,2,0,1,0
11530-715,,지상,서울특별시 구로구 경인로 638,564.79,4,304,0,643
11530-100193536,,지상,서울특별시 구로구 천왕로 9,159.62,15,678,0,762
11530-100213432,,지상,천왕동 281-0,192.59,17,1018,0,1364
11650-100271535,,지상,서울특별시 서초구 서초중앙로 220,284.4969,12,829,0,1346
11470-194,,지상,서울특별시 양천구 목동중앙로 11,299.97,6,387,0,523
11590-15,,지상,서울특별시 동작구 여의대방로 22,0.0,17,1335,0,0
11530-591,,지상,서울특별시 구로구 구일로8길 92,0.0,7,579,0,0
11710-100217358,,지상,서울특별시 송파구 올림픽로 435,283.63,66,6864,0,9766
11740-324,,지상,서울특별시 강동구 상암로51길 61,380.4,3,772,0,819
11740-179,,지상,서울특별시 강동구 구천면로 366,0.0,7,479,0,400
11290-585,,지상,서울특별시 성북구 보국문로32길 35,268.58,5,261,0,210
11110-112,,지상,서울특별시 종로구 종로28길 19,0.0,2,0,0,0
11260-622,,지상,서울특별시 중랑구 양원역로 50,97.05,4,0,0,90
11290-1651,,지상,서울특별시 성북구 길음로 118,246.48,25,1605,0,1855
11350-384,,지상,서울특별시 노원구 공릉로42길 13-14,286.8,3,198,0,245
11440-576,,지상,서울특별시 마포구 동교로41길 31-10,0.0,2,0,2,0
11290-587,,지상,서울특별시 성북구 정릉로 305,327.16,9,866,0,802
11440-735,,지상,서울특별시 마포구 토정로 56,26.12,17,0,0,0
11440-310,,지상,신수동 1-1,114.36,27,0,0,1104
11710-100466503,,지상,장지동 878-0,209.91,8,549,0,1103
11470-100183628,,,서울특별시 양천구 안양천로 669,17.65,2,0,0,10
11545-100235593,,지상,독산동 1155-0,499.97,8,1236,0,2214
11290-100206026,,지상,서울특별시 성북구 길음로9길 50,241.72,17,1012,0,1344
11650-100238714,,지상,서울특별시 서초구 청계산로9길 1-12,138.45,12,585,0,615
11260-328,,지상,서울특별시 중랑구 겸재로30길 42,249.98,3,199,0,211
11230-100255615,,지상,서울특별시 동대문구 장한로27가길 37,247.97,9,469,0,569
11470-294,,지상,서울특별시 양천구 오목로1길 46,249.77,3,169,0,171
11530-887,,지상,서울특별시 구로구 중앙로15길 125,302.48,5,298,0,374
11710-100497084,,지상,서울특별시 송파구 올림픽로 300,573.24,5,0,0,3728
11170-100194274,,지상,이태원동 108-9,396.77,2,0,0,135
11230-100208704,,지상,서울특별시 동대문구 왕산로19다길 15,199.88,2,18,0,15
11545-246,,지상,서울특별시 금천구 시흥대로51길 55,0.0,3,233,0,0
11560-546,,지상,영등포동2가 234-0,0.0,4,0,4,0
11650-100281395,,지상,서울특별시 서초구 서초대로34가길 52,177.84,4,99,0,0
11620-236,,지상,서울특별시 관악구 신림로 67,98.5,6,0,0,28
11650-100218813,,지상,서울특별시 서초구 태봉로2길 30,163.49,8,382,0,430
11650-48,,지상,서울특별시 서초구 방배로18길 67,294.72,3,136,0,378
11260-661,,지상,서울특별시 중랑구 중랑천로 286,296.86,9,601,0,785
11260-658,,지상,서울특별시 중랑구 공릉로2라길 15,303.36,3,296,0,352
11710-100190598,,지상,서울특별시 송파구 올림픽로 240,247.7887,8,0,0,3559
11530-639,,지상,서울특별시 구로구 오류로8길 11,322.44,6,378,0,414
11530-627,,지상,서울특별시 구로구 오리로 1197,124.29,23,620,0,635
11110-575,,지상,서울특별시 종로구 자하문로 136,41.6203,9,0,0,129
11260-198,,지상,서울특별시 중랑구 용마산로 474,92.96,2,0,0,1
11290-1478,,지상,성북동 291-5,29.5069,7,0,0,2
11380-721,,지상,서울특별시 은평구 은평로 219-1,0.0,3,0,2,0
11440-675,,지상,서울특별시 마포구 연희로 25,230.71,2,0,0,22
11440-198,,지상,서울특별시 마포구 신촌로12길 11,129.02,4,0,1,12
11320-227,,지상,서울특별시 도봉구 노해로 239,127.84,2,0,2,17
11290-1390,,지상,서울특별시 성북구 동소문로13길 38,85.93,2,0,0,29
11290-100182996,,지상,서울특별시 성북구 종암로40길 30,83.69,1,0,0,0
11230-100253755,,지상,서울특별시 동대문구 답십리로56길 105,243.89,10,802,0,887
11470-248,,지상,서울특별시 양천구 월정로 117,35.56,2,0,1,0
11110-100218945,,지상,서울특별시 종로구 통일로 230,209.28,5,195,0,241
11440-666,,지상,서울특별시 마포구 도화2길 64,71.11,2,0,0,58
11200-96,,지상,서울특별시 성동구 한림말길 50,212.85,11,817,0,790
11170-74,,지상,서울특별시 용산구 원효로 40,358.45,4,300,0,306
11200-100232717,,지상,서울특별시 성동구 독서당로 344,200.49,16,606,0,782
11350-656,,지상,서울특별시 노원구 공릉로34길 62,226.25,24,1676,0,1239
11500-100343992,,지상,서울특별시 강서구 공항대로 103,220.66,24,1529,0,1989
11380-393,,지상,응암동 408-2,97.49,2,0,0,6
11440-1446,,지상,서울특별시 마포구 백범로25길 34,64.87,6,0,0,0
11320-473,,지상,서울특별시 도봉구 마들로 646,249.75,11,603,0,1034
11590-396,,지상,서울특별시 동작구 서달로1길 17,255.33,7,423,0,432
11590-189,,지상,서울특별시 동작구 매봉로 173,0.0,2,0,0,0
11470-591,,지상,서울특별시 양천구 신정로7길 60-7,245.0,7,390,0,283
11470-46,,지상,목동 603-8,0.0,2,0,2,0
11590-100197492,,지상,흑석동 335-0,230.39,10,655,0,805
11200-100178785,,지상,서울특별시 성동구 금호로 15,228.37,20,888,0,1029
11530-590,,지상,서울특별시 구로구 구일로4길 46,0.0,7,735,0,0
11740-493,,지상,서울특별시 강동구 고덕로 130,277.67,22,1622,0,2185
11530-883,,지상,서울특별시 구로구 중앙로6길 5-15,350.19,5,448,0,465
11440-1468,,지상,서울특별시 마포구 월드컵로 134,0.0,0,0,0,0
11500-547,,지상,서울특별시 강서구 양천로 329,55.7,4,0,0,31
11230-360,,지상,서울특별시 동대문구 고산자로 534,300.55,14,1070,0,1357
11710-436,,지상,서울특별시 송파구 새말로 133,297.62,2,0,2,14
11710-440,,지상,서울특별시 송파구 잠실로 62,274.75,46,3696,0,4900
11740-116,,지상,서울특별시 강동구 상암로3길 77,395.36,5,490,0,627
11740-41,,지상,서울특별시 강동구 천호옛12길 27,0.0,3,277,0,154
11410-100181874,,지상,서울특별시 서대문구 통일로 436,0.0,2,0,0,0
11560-1092,,지상,서울특별시 영등포구 도신로 31,325.82,9,1187,0,1314
11560-1081,,지상,서울특별시 영등포구 도영로 2-5,352.56,6,481,0,571
11170-61,,지상,서울특별시 용산구 서빙고로51길 68-14,292.27,3,172,0,298
11650-100274615,,지상,서울특별시 서초구 명달로9길 57,243.47,5,353,0,572
11530-1022,,지상,서울특별시 구로구 개봉로20길 158,363.75,12,965,0,1052
11320-393,,지상,서울특별시 도봉구 노해로63다길 34,284.63,4,449,0,0
11320-395,,지상,서울특별시 도봉구 노해로69길 97,0.0,20,1981,0,0
11545-580,,지상,가산동 459-40,239.11,2,0,0,46
11440-100187833,,지상,서울특별시 마포구 월드컵북로43길 11,193.63,6,213,0,256
11440-1601,,지상,서울특별시 마포구 대흥로 57,157.9,2,0,2,0
11590-100191131,,지상,서울특별시 동작구 양녕로26길 42,186.42,5,0,0,192
11710-627,,지상,서울특별시 송파구 양산로4길 8,240.54,6,545,0,0
11290-100208654,,지상,동소문동7가 120-0,234.03,5,194,0,228
11470-100232168,,지상,서울특별시 양천구 목동중앙북로8길 71,217.11,7,410,0,486
11590-47,,지상,서울특별시 동작구 만양로 19,324.31,8,1696,0,2462
11650-392,,지상,서울특별시 서초구 서운로9길 63,292.22,2,126,0,165
11710-313,,지상,서울특별시 송파구 백제고분로 135,181.93,2,0,0,45
11740-60,,지상,서울특별시 강동구 천호옛길 81,0.0,2,0,2,0
11200-910,,지상,서울특별시 성동구 상원길 63,0.0,11,840,0,796
11410-100182110,,지상,북아현동 1-512,0.0,2,0,2,0
11350-227,,지상,서울특별시 노원구 동일로227길 61,71.53,2,0,0,41
11620-100282350,,지상,서울특별시 관악구 관악로5길 33,0.0,2,0,0,0
11530-100192097,,지상,서울특별시 구로구 부일로9길 158,58.35,2,0,0,73
11740-457,,지상,서울특별시 강동구 양재대로123길 30,233.91,2,74,0,86
11650-100205372,,지상,서울특별시 서초구 고무래로 35,243.7,9,1119,0,1684
11560-854,,지상,서울특별시 영등포구 영등포로25길 22,0.0,1,0,1,0
11320-337,,지상,서울특별시 도봉구 도당로 37,0.0,4,476,0,0
11710-377,,지상,서울특별시 송파구 올림픽로43길 20,67.27,2,0,0,48
11590-1030,,지상,서울특별시 동작구 사당로16다길 57,910.91,3,296,0,0
11470-556,,지상,서울특별시 양천구 목동중앙로7길 32,238.98,9,276,0,546
11260-399,,지상,서울특별시 중랑구 사가정로42길 90,0.0,4,258,0,0
11320-345,,지상,서울특별시 도봉구 해등로32길 8,247.48,9,658,0,388
11470-731,,지상,서울특별시 양천구 목동동로12길 59,0.0,3,540,0,193
11710-100229082,,지상,서울특별시 송파구 올림픽로 25,0.0,0,0,2,0
11500-565,,지상,서울특별시 강서구 까치산로2길 89-1,81.47,2,0,1,19
11290-813,,지상,서울특별시 성북구 장월로1길 28,281.31,18,1531,0,1602
11290-899,,지상,서울특별시 성북구 길음로13길 11,239.12,2,132,0,80
11230-235,,지상,서울특별시 동대문구 답십리로69길 99,298.29,1,107,0,124
11170-178,,지상,서울특별시 용산구 이촌로29길 21-7,199.4,4,144,0,163
11140-739,,지상,서울특별시 중구 다산로 170,63.98,0,0,0,0
11350-539,,지상,서울특별시 노원구 화랑로47길 38,269.11,10,484,0,494
11590-417,,지상,서울특별시 동작구 여의대방로22나길 40,82.89,1,0,0,31
11350-99,,지상,서울특별시 노원구 중계로 184,0.0,18,960,0,1353
11530-814,,지상,고척동 74-3,5.38,2,0,0,0
11260-100195614,,지상,서울특별시 중랑구 동일로140길 33,81.84,5,0,0,0
11290-100192747,,지상,서울특별시 성북구 낙산길 243-15,229.99,9,377,0,414
11290-1554,,지상,서울특별시 성북구 정릉로26길 8,263.64,10,745,0,856
11200-100194832,,지상,금호동2가 1215-0,240.0,5,401,0,461
11410-100183722,,지상,서울특별시 서대문구 서소문로 43-8,244.582,3,180,0,201
11260-521,,지상,서울특별시 중랑구 동일로 941,398.93,2,188,0,183
11410-100187366,,지상,서울특별시 서대문구 거북골로 120,233.87,10,473,0,576
11530-880,,지상,서울특별시 구로구 경인로47다길 34-7,212.66,4,204,0,414
11545-318,,지상,서울특별시 금천구 문성로 67,66.87,4,0,0,0
11545-435,,지상,서울특별시 금천구 시흥대로 450,263.64,2,0,0,18
11440-809,,지상,서울특별시 마포구 독막로 32,227.11,2,0,1,24
11530-34,,지상,서울특별시 구로구 오류로 70,185.91,3,0,1,17
11650-191,,지상,서울특별시 서초구 방배로11길 35,246.05,2,66,0,94
11740-100279802,,지상,서울특별시 강동구 천중로 253,288.38,6,366,0,482
11590-403,,지상,서울특별시 동작구 장승배기로 26,299.14,7,400,0,506
11560-320,,지상,서울특별시 영등포구 국회대로53길 20,98.82,2,0,0,0
11470-100231619,,지상,서울특별시 양천구 신정로7길 75,268.03,6,499,0,334
11650-280,,지상,서울특별시 서초구 방배로18길 52,65.65,3,0,0,0
11710-547,,지상,서울특별시 송파구 중대로 294,42.74,2,0,0,0
11200-333,,지상,마장동 457-0,0.0,25,0,0,0
11200-5,,지상,서울특별시 성동구 난계로 73,336.63,4,425,0,460
11230-159,,지상,서울특별시 동대문구 전농로 172,92.69,2,0,0,69
11470-456,,지상,서울특별시 양천구 오목로3길 17,295.59,3,236,0,253
11170-2,,지상,서울특별시 용산구 신흥로3가길 66,141.55,5,0,0,85
11470-100199145,,지상,서울특별시 양천구 오목로 101,59.0,2,0,0,55
11215-480,,,자양동 227-7,414.9,5,1170,0,3869
11740-100181998,,지상,서울특별시 강동구 아리수로97길 68,152.21,10,442,0,571
11110-100183699,,지상,서울특별시 종로구 동망산길 47,187.31,7,416,0,514
11110-933,,지상,서울특별시 종로구 율곡로 194,278.02,2,2,0,403
11200-1066,,지상,마장동 790-7,0.0,19,0,16,0
11710-100228275,,지상,서울특별시 송파구 충민로 188,143.31,8,221,0,263
11305-100226594,,지상,서울특별시 강북구 한천로124길 14,106.48,2,0,0,241
11410-100181930,,지상,서울특별시 서대문구 세검정로4길 152-46,0.0,0,0,0,0
11440-1062,,지상,서울특별시 마포구 월드컵북로6길 19,0.0,0,0,0,0
11590-100209636,,지상,서울특별시 동작구 상도로 346-2,202.29,17,882,0,1185
11410-309,,지상,서울특별시 서대문구 이화여대길 50-12,229.47,12,855,0,517
11590-1079,,지상,서울특별시 동작구 여의대방로44길 47,183.76,16,1723,0,426
11680-100285184,,지상,서울특별시 강남구 압구정로 123,57.06,2,0,0,27
11590-46,,지상,서울특별시 동작구 만양로8길 50,275.01,17,901,0,918
11440-100258163,,지상,서울특별시 마포구 신촌로 234,0.0,2,0,0,0
11290-435,,지상,서울특별시 성북구 종암로25길 30,238.25,17,1168,0,1346
11530-609,,지상,서울특별시 구로구 구로동로47길 24,341.29,5,597,0,617
11530-603,,지상,서울특별시 구로구 구일로2길 60,358.35,10,829,0,832
11650-100195352,,지상,서울특별시 서초구 남부순환로339길 38,51.2,2,0,0,0
11200-100194373,,지상,서울특별시 성동구 마조로11길 18,80.5,3,0,0,0
11320-108,,지상,서울특별시 도봉구 도봉로170길 40,244.32,7,448,0,489
11320-448,,지상,서울특별시 도봉구 해등로 50,0.0,33,2626,0,1081
11740-100250966,,지상,서울특별시 강동구 천중로2길 1,199.77,2,34,0,29
11590-100224046,,지상,상도동 535-0,359.9927,10,582,0,745
11560-258,,지상,서울특별시 영등포구 국회대로 650-1,0.0,5,0,5,0
11560-1221,,지상,서울특별시 영등포구 당산로54길 11,364.34,5,348,0,329
11230-526,,지상,서울특별시 동대문구 한천로 300,246.12,10,460,0,525
11530-171,,지상,서울특별시 구로구 경인로 643,418.18,5,655,0,779
11410-84,,지상,서울특별시 서대문구 독립문로14길 66,258.68,4,237,0,294
11410-268,,지상,서울특별시 서대문구 수색로 154,351.79,2,254,0,300
11140-799,,지상,서울특별시 중구 동호로 249,104.32,5,0,0,711
11110-475,,지상,서울특별시 종로구 종로 236-1,313.4,2,0,0,0
11350-723,,지상,서울특별시 노원구 화랑로 653,0.0,8,0,0,0
11710-233,,지상,서울특별시 송파구 풍성로14길 45,73.74,5,0,0,68
11200-100241937,,지상,서울특별시 성동구 왕십리로 83-21,599.89,5,280,0,1546
11200-100210817,,지상,서울특별시 성동구 무학로 33,224.51,27,1702,0,2431
11290-1138,,지상,서울특별시 성북구 고려대로17가길 64,199.29,12,528,0,588
11710-544,,지상,서울특별시 송파구 위례성대로 180,351.85,2,0,0,25
11200-693,,지상,서울특별시 성동구 고산자로17길 10-4,0.0,0,0,29,0
11170-127,,지상,서울특별시 용산구 효창원로 228,53.8419,3,0,0,60
11290-1404,,지상,서울특별시 성북구 종암로 196,107.92,6,0,0,81
11200-1208,,지상,서울특별시 성동구 마장로39길 43,285.87,4,286,0,305
11200-100226857,,지상,마장동 835-0,198.5344,2,60,0,64
11200-100193052,,지상,금호동3가 700-0,223.88,7,403,0,446
11230-41,,지상,서울특별시 동대문구 한천로58길 47,343.15,17,1368,0,1529
11680-100237430,,지상,자곡동 602-0,150.64,11,716,0,880
11710-100525223,,지상,오금동 135-0,386.02,3,269,0,283
11380-100308794,,지상,서울특별시 은평구 수색로22가길 9-1,78.28,2,0,2,0
11290-1649,,지상,서울특별시 성북구 보국문로30길 15,349.94,8,791,0,648
11230-1368,,지상,서울특별시 동대문구 답십리로 210-30,0.0,5,600,0,0
11590-100195554,,지상,서울특별시 동작구 서달로 50-26,11.54,11,0,0,8
11740-83,,지상,서울특별시 강동구 천호대로 1102,417.93,2,0,0,163
11710-100518201,,지상,서울특별시 송파구 동남로 341,216.16,8,818,0,886
11260-10,,지상,서울특별시 중랑구 신내로 115,187.5,9,1430,0,382
11260-657,,지상,서울특별시 중랑구 중랑천로 332,392.31,3,239,0,265
11740-59,,지상,서울특별시 강동구 천호옛길 84,91.8,2,0,0,0
11530-387,,지상,서울특별시 구로구 오리로13길 12-27,0.0,2,0,2,0
11260-446,,지상,서울특별시 중랑구 면목로37길 58,481.61,2,186,0,401
11530-633,,지상,서울특별시 구로구 시흥대로161길 50,298.36,5,240,0,255
11350-157,,지상,서울특별시 노원구 마들로1가길 121,358.8,29,3003,0,3940
11410-236,,지상,서울특별시 서대문구 연대동문길 47-6,109.22,3,0,2,3
11380-808,,지상,서울특별시 은평구 통일로 850,0.0,22,0,0,0
11620-10,,지상,서울특별시 관악구 보라매로 62,268.07,9,710,0,0
11590-1078,,지상,서울특별시 동작구 등용로 127,351.42,7,514,0,524
11710-498,,지상,서울특별시 송파구 동남로 193,343.0,18,2065,0,0
11110-100190333,,지상,명륜2가 4-0,292.57,4,436,0,0
11350-406,,지상,서울특별시 노원구 중계로8길 29,242.09,9,448,0,530
11260-49,,지상,서울특별시 중랑구 동일로 752,376.21,11,1544,0,1548
11545-418,,지상,시흥동 984-0,105.02,37,0,0,0
11620-131,,지상,서울특별시 관악구 봉천로 505,82.43,3,0,0,61
11530-100237093,,지상,서울특별시 구로구 경인로46길 51,36.72,3,0,0,82
11380-769,,지상,서울특별시 은평구 갈현로 339,134.24,2,0,0,6
11440-694,,지상,서울특별시 마포구 동교로 177,218.6,2,0,0,7
11530-109,,지상,서울특별시 구로구 고척로 49,299.85,13,1236,0,824
11530-100264927,,지상,서울특별시 구로구 경인로13길 19,199.95,2,27,0,17
11110-755,,지상,서울특별시 종로구 통일로 246-10,218.7,15,964,0,1365
11200-3,,지상,서울특별시 성동구 금호로 100,219.07,22,1807,0,2371
11320-174,,지상,서울특별시 도봉구 노해로40길 71,230.38,3,155,0,170
11350-158,,지상,서울특별시 노원구 화랑로 815,58.06,7,0,0,70
11410-264,,지상,서울특별시 서대문구 응암로 127-4,38.18,2,0,1,10
11530-386,,지상,서울특별시 구로구 도림로 97,0.0,1,2,0,0
11620-461,,지상,서울특별시 관악구 광신1길 17,0.0,2,0,2,0
11620-100195299,,,봉천동 931-7,248.2,2,0,0,19
11545-644,,지상,서울특별시 금천구 가산디지털1로 75-14,83.1,2,0,0,21
11290-1196,,지상,서울특별시 성북구 북악산로29길 67,272.25,3,297,0,339
11560-151,,지상,서울특별시 영등포구 영등포로 81-4,0.0,9,0,4,0
11290-1376,,지상,서울특별시 성북구 동소문로34길 24,223.2,9,1278,0,1676
11545-401,,지상,서울특별시 금천구 금하로 750,296.47,10,700,0,792
11545-90,,지상,서울특별시 금천구 시흥대로71길 42,0.0,2,0,0,0
11320-425,,지상,창동 451-0,275.6,0,121,0,97
11320-484,,지상,도봉동 654-0,334.61,8,526,0,721
11230-5,,지상,서울특별시 동대문구 장안벚꽃로5길 19,362.4,4,393,0,437
11140-61,,지상,신당동 239-6,0.0,0,0,0,0
11170-155,,지상,서울특별시 용산구 두텁바위로60길 49,149.92,2,0,0,32
11530-694,,지상,서울특별시 구로구 경인로 343,318.85,7,600,0,671
11260-620,,지상,서울특별시 중랑구 용마산로129가길 41,302.38,5,260,0,296
11740-703,,지상,서울특별시 강동구 암사길 31,154.55,2,0,1,2
11545-100219217,,지상,독산동 162-18,192.7,2,0,1,9
11200-100182652,,지상,서울특별시 성동구 성수일로4길 26,249.44,5,445,0,800
11200-969,,지상,서울특별시 성동구 둘레11길 1,316.79,3,127,0,104
11500-100323632,,지상,서울특별시 강서구 공항대로 593,249.71,3,299,0,247
11530-882,,지상,서울특별시 구로구 경인로47길 150,274.49,2,163,0,136
11560-100226319,,지상,서울특별시 영등포구 영신로55길 8,244.78,3,162,0,185
11320-100204232,,지상,쌍문동 513-1,18.4,3,0,0,2
11290-100190208,,지상,돈암동 173-1,158.1941,27,0,0,552
11470-423,,지상,서울특별시 양천구 오목로 336,288.6121,2,0,0,95
11470-10,,지상,서울특별시 양천구 신목로5길 9,0.0,3,210,0,0
11470-210,,지상,서울특별시 양천구 목동동로10길 16-6,321.86,4,292,0,389
11260-100255611,,지상,서울특별시 중랑구 사가정로72길 26,235.86,9,497,0,590
11230-100221513,,지상,답십리동 1003-0,242.34,36,2652,0,3187
11530-589,,지상,서울특별시 구로구 구일로 154-17,293.9,4,256,0,180
11530-107,,지상,서울특별시 구로구 경인로 248-14,377.55,4,252,0,242
11740-34,,지상,서울특별시 강동구 풍성로 128,315.16,12,1220,0,1262
11560-100257809,,지상,서울특별시 영등포구 선유로9길 30,341.28,8,499,0,717
11380-580,,지상,서울특별시 은평구 증산로5길 27-30,46.03,4,0,0,73
11560-100224738,,지상,여의도동 25-11,625.32,3,0,0,232
11200-100188792,,지상,성수동2가 289-281,83.75,3,0,0,5
11305-523,,지상,서울특별시 강북구 4.19로 135,0.0,4,0,0,0
11110-100211004,,지상,홍파동 199-0,252.88,15,1148,0,1506
11530-593,,지상,서울특별시 구로구 구일로4길 65,0.0,13,1400,0,0
11350-590,,지상,서울특별시 노원구 화랑로 355,301.99,2,138,0,163
11350-715,,지상,서울특별시 노원구 동일로198길 24,375.64,4,363,0,344
11680-100251429,,지상,역삼동 783-11,198.23,2,17,0,14
11410-100216842,,지상,남가좌동 385-0,233.35,75,4300,0,5823
11410-252,,지상,서울특별시 서대문구 연희로5길 46-11,392.85,3,220,0,224
11350-91,,지상,서울특별시 노원구 공릉로 438,83.05,4,0,0,78
11545-704,,지상,독산동 152-1,109.75,2,0,0,157
11230-1016,,지상,서울특별시 동대문구 약령시로 25,299.78,7,640,0,890
11740-488,,지상,서울특별시 강동구 천호대로175길 39,117.68,2,0,0,128
11380-605,,지상,서울특별시 은평구 증산로1길 26,171.84,4,196,0,226
11410-402,,지상,서울특별시 서대문구 통일로 165,102.6602,2,0,0,51
11410-100208355,,지상,북가좌동 484-0,115.1,2,0,0,8
11290-1704,,지상,서울특별시 성북구 솔샘로 116,256.98,31,1971,0,0
11560-1924,,지상,서울특별시 영등포구 국회대로37길 22,294.51,6,292,0,350
11350-652,,지상,서울특별시 노원구 동일로192가길 16,76.21,2,0,0,45
11290-100195970,,지상,서울특별시 성북구 종암로23길 35,225.2,2,206,0,148
11290-1269,,지상,서울특별시 성북구 길음로 16,233.18,12,977,0,1257
11215-559,,지상,서울특별시 광진구 뚝섬로31길 20,322.99,5,314,0,329
11530-166,,지상,서울특별시 구로구 경인로66길 5,290.58,2,120,0,123
11380-159,,지상,서울특별시 은평구 통일로 819,0.0,2,0,0,0
11500-392,,지상,서울특별시 강서구 등촌로13자길 42-14,64.47,2,0,0,47
11650-100197636,,지상,서울특별시 서초구 효령로33길 50,206.21,9,496,0,937
11350-100204511,,지상,중계동 363-7,38.42,4,0,0,14
11440-1328,,지상,서울특별시 마포구 백범로 139,70.44,7,0,0,79
11650-100238114,,지상,양재동 232-4,45.14,11,0,0,705
11680-389,,지상,서울특별시 강남구 개포로 516,0.0,22,1960,0,0
11500-701,,지상,서울특별시 강서구 양천로67길 96-14,0.0,2,0,2,0
11260-451,,지상,서울특별시 중랑구 동일로 569-55,396.63,3,111,0,111
11290-100188896,,지상,서울특별시 성북구 월계로36길 27,248.29,10,611,0,805
11170-97,,지상,서울특별시 용산구 이태원로 29,47.138,8,0,0,754
11530-700,,지상,서울특별시 구로구 도림천로 448,407.27,2,0,0,250
11650-100282815,,지상,서울특별시 서초구 반포대로18길 36,828.48,5,318,0,725
11215-74,,지상,서울특별시 광진구 아차산로 710,20.53,4,0,0,15
11530-100196318,,지상,서울특별시 구로구 중앙로8길 11,245.31,5,180,0,209
11740-100288342,,지상,서울특별시 강동구 상일로 55,244.49,20,1824,0,2425
11740-557,,지상,서울특별시 강동구 천호대로 1239,299.44,13,596,0,977
11530-93,,지상,서울특별시 구로구 오류로8라길 20-8,0.0,5,198,0,0
11740-386,,지상,서울특별시 강동구 천중로51길 118,68.56,2,0,1,1
11500-100265892,,지상,화곡동 784-2,186.26,3,32,0,26
11500-100231151,,지상,내발산동 720-2,142.59,2,0,0,8
11545-100249933,,지상,독산동 1051-11,185.76,2,32,0,21
11650-100252714,,지상,서울특별시 서초구 신반포로15길 19,299.73,15,1612,0,2973
11680-100240009,,지상,자곡동 618-0,182.41,13,402,0,520
11500-100200613,,지상,서울특별시 강서구 까치산로4다길 7,198.96,2,18,0,18
11440-100188063,,지상,서울특별시 마포구 월드컵북로42가길 11,199.8,4,184,0,169
11500-100309512,,지상,방화동 593-63,191.16,3,39,0,32
11500-100237022,,지상,화곡동 453-18,199.62,2,20,0,18
11530-170,,지상,서울특별시 구로구 신도림로 87,395.69,13,1095,0,1533
11530-100232533,,지상,서울특별시 구로구 천왕로 21,163.06,5,374,0,262
11200-532,,지상,서울특별시 성동구 마장로 271,241.45,6,460,0,454
11500-100248705,,지상,화곡동 851-21,199.4,2,29,0,21
11545-100242711,,지상,서울특별시 금천구 독산로 263,249.05,3,38,0,49
11530-100262207,,지상,서울특별시 구로구 개봉로12길 9-22,193.99,2,23,0,18
11500-100244830,,지상,마곡동 734-0,179.92,5,237,0,273
11545-100226439,,지상,시흥동 823-70,199.44,2,29,0,22
11215-307,,지상,서울특별시 광진구 아차산로65길 6,0.0,2,0,2,0
11290-1275,,지상,안암동5가 1-2,92.23,57,0,0,3791
11500-100205888,,지상,서울특별시 강서구 강서로68길 36,0.0,3,0,0,0
11590-100230645,,지상,서울특별시 동작구 장승배기로11가길 11,260.14,8,471,0,563
11215-100260150,,지상,서울특별시 광진구 자양로19가길 10-5,199.64,2,15,0,11
11350-579,,지상,서울특별시 노원구 월계로55길 15,196.53,6,884,0,334
11740-601,,지상,서울특별시 강동구 진황도로 212,300.74,4,278,0,348
11320-104,,지상,서울특별시 도봉구 시루봉로 166,241.0,4,212,0,240
11530-472,,지상,서울특별시 구로구 남부순환로95길 54,399.91,7,783,0,709
11530-996,,지상,서울특별시 구로구 경인로38길 13,328.08,2,173,0,171
11290-100215092,,지상,돈암동 642-0,199.04,7,192,0,319
11290-1379,,지상,서울특별시 성북구 북악산로 913,219.59,6,460,0,678
11560-891,,지상,서울특별시 영등포구 당산로42길 13,280.59,6,480,0,580
11590-649,,지상,서울특별시 동작구 사당로8길 44,0.0,3,0,3,0
11470-549,,지상,서울특별시 양천구 월정로9길 17,244.83,3,202,0,207
11710-183,,지상,서울특별시 송파구 올림픽로 625,0.0,3,0,0,0
11215-285,,지상,서울특별시 광진구 광나루로56길 63,398.89,17,1592,0,2085
11560-100271088,,지상,서울특별시 영등포구 영신로 247,299.99,9,802,0,1135
11680-25,,지상,서울특별시 강남구 역삼로 314,275.36,5,332,0,552
11200-336,,지상,서울특별시 성동구 뚝섬로 434,243.52,3,157,0,247
11260-100239509,,지상,묵동 396-0,247.29,13,719,0,917
11350-695,,지상,서울특별시 노원구 동일로242라길 12-5,108.73,2,18,0,5
11530-106,,지상,서울특별시 구로구 서해안로34가길 18,299.84,3,247,0,178
11530-869,,지상,서울특별시 구로구 중앙로5길 62,0.0,6,715,0,0
11500-100334073,,지상,서울특별시 강서구 강서로56길 56,248.8,3,44,0,42
11290-656,,지상,서울특별시 성북구 숭인로2길 61,269.82,20,1377,0,1693
11290-31,,지상,서울특별시 성북구 서경로 116,129.78,8,0,0,218
11620-165,,지상,서울특별시 관악구 신림로46길 1,77.67,2,0,0,16
11290-100262531,,지상,서울특별시 성북구 한천로 713,272.86,19,1562,0,1911
11545-100212977,,지상,독산동 165-3,193.59,2,0,2,8
11290-100183604,,지상,정릉동 1032-0,173.77,5,169,0,183
11260-100220378,,지상,면목동 1537-0,199.65,5,265,0,333
11230-569,,지상,서울특별시 동대문구 장한로8길 23-13,118.53,2,0,2,0
11740-100246539,,지상,서울특별시 강동구 천호대로186길 8,213.97,2,29,0,24
11680-169,,지상,서울특별시 강남구 개포로110길 15,0.0,17,802,0,0
11680-177,,지상,서울특별시 강남구 양재대로55길 6,189.55,26,2934,0,0
11680-100248229,,지상,율현동 513-0,74.47,12,169,0,208
11680-100235109,,지상,수서동 795-0,165.96,15,787,0,950
11680-100233589,,지상,자곡동 611-0,159.95,21,1020,0,1554
11680-37,,지상,서울특별시 강남구 도곡로21길 15,236.79,2,93,0,119
11680-363,,지상,서울특별시 강남구 영동대로 640,296.32,4,449,0,1253
11740-548,,지상,서울특별시 강동구 고덕로27길 36,277.05,9,568,0,682
11680-108,,지상,서울특별시 강남구 개포로 303,0.0,7,416,1,0
11680-189,,지상,서울특별시 강남구 광평로19길 10,208.4,8,1403,0,0
11680-81,,지상,서울특별시 강남구 도곡로14길 21,203.7,3,72,0,199
11680-183,,지상,서울특별시 강남구 광평로51길 22,247.71,8,498,0,0
11680-304,,지상,서울특별시 강남구 언주로86길 12,298.54,3,137,0,340
11680-27,,지상,서울특별시 강남구 역삼로 307,273.98,7,541,0,914
11680-246,,지상,서울특별시 강남구 도산대로96길 39,270.41,9,391,0,554
11680-230,,지상,서울특별시 강남구 논현로 213,0.0,12,1094,0,0
11680-100219929,,지상,세곡동 579-0,173.54,13,809,0,998
11680-421,,지상,서울특별시 강남구 개포로 409,0.0,6,198,0,0
11680-417,,지상,서울특별시 강남구 영동대로 220,0.0,4,364,0,0
11680-406,,지상,서울특별시 강남구 논현로 209,356.95,4,348,0,389
11680-100253670,,지상,대치동 1027-0,258.65,17,1608,0,3119
11680-100203252,,지상,서울특별시 강남구 헌릉로590길 100,198.92,7,395,0,422
11680-100202987,,지상,서울특별시 강남구 학동로73길 33,247.07,2,94,0,158
11680-100195447,,지상,서울특별시 강남구 삼성로111길 8,273.06,13,926,0,1291
11680-100183823,,지상,서울특별시 강남구 선릉로 222,274.94,11,768,0,1171
11680-1,,지상,서울특별시 강남구 삼성로64길 5,0.0,9,630,0,0
11290-100251247,,지상,종암동 9-34,185.53,3,29,0,24
11620-488,,지상,서울특별시 관악구 난곡로 283,0.0,2,0,2,0
11500-100214908,,지상,서울특별시 강서구 초록마을로34길 35,0.0,3,0,0,0
11560-893,,지상,서울특별시 영등포구 양평로 57,419.9,2,205,0,0
11350-103,,지상,서울특별시 노원구 덕릉로71길 30,328.38,7,508,0,618
11350-232,,지상,서울특별시 노원구 덕릉로 613,320.81,3,213,0,197
11350-742,,지상,서울특별시 노원구 동일로231길 72,319.18,2,142,0,124
11260-372,,지상,서울특별시 중랑구 면목로 434,0.0,3,0,0,67
11470-100211225,,지상,신월동 1071-0,199.53,3,30,0,24
11530-100259239,,지상,서울특별시 구로구 경인로 302,362.78,9,1042,0,1268
11560-1755,,지상,문래동3가 54-2,0.0,2,0,0,0
11680-100274654,,지상,삼성동 188-0,299.94,4,0,0,743
11680-334,,지상,서울특별시 강남구 선릉로130길 33,299.14,1,40,0,84
11440-886,,지상,서울특별시 마포구 백범로31길 21,111.22,3,0,0,168
11740-708,,지상,서울특별시 강동구 구천면로 331,112.7,2,0,0,0
11200-1140,,지상,서울특별시 성동구 왕십리로 189,54.03,9,0,0,43
11350-660,,지상,서울특별시 노원구 노원로 58,249.91,6,494,0,505
11320-519,,지상,서울특별시 도봉구 해등로 307,0.0,0,576,0,0
11290-100202913,,지상,서울특별시 성북구 길음로 33,223.29,26,1497,0,1806
11500-439,,지상,서울특별시 강서구 강서로 183,373.92,2,0,0,39
11440-1389,,지상,서울특별시 마포구 하늘공원로 84,42.25,6,0,0,83
11530-100255867,,지상,서울특별시 구로구 개봉로17바길 13,199.8,2,29,0,20
11530-100240073,,지상,개봉동 23-2,149.98,3,30,0,24
11350-100203152,,지상,상계동 1322-0,224.78,6,457,0,472
11350-617,,지상,서울특별시 노원구 동일로230가길 15,312.98,4,274,0,381
11290-100257151,,지상,정릉동 1054-0,108.0,5,166,0,71
11740-334,,지상,서울특별시 강동구 양재대로134길 87,249.72,3,226,0,76
11740-377,,지상,서울특별시 강동구 고덕로 295-59,177.21,5,0,2,21
11710-100537302,,지상,서울특별시 송파구 위례북로4길 12,222.65,14,685,0,863
11410-261,,지상,서울특별시 서대문구 세검정로1길 95,253.44,37,1431,0,1188
11740-100270229,,지상,서울특별시 강동구 고덕로 360,249.87,45,4066,0,6458
11650-132,,지상,서울특별시 서초구 효령로46길 21,250.39,2,95,0,325
11650-232,,지상,서울특별시 서초구 잠원로 148,0.0,9,540,0,0
11260-65,,지상,면목동 1077-1,0.0,5,602,0,0
11110-462,,지상,서울특별시 종로구 새문안로 9,177.53,3,0,0,124
11290-100196183,,지상,서울특별시 성북구 종암로23길 35,249.83,15,955,0,1152
11110-100212275,,지상,행촌동 211-0,249.98,5,496,0,497
11350-264,,지상,서울특별시 노원구 중계로 195,217.19,8,468,0,690
11620-533,,지상,서울특별시 관악구 봉천로21길 108,66.49,4,0,0,57
11680-374,,지상,서울특별시 강남구 언주로130길 30,264.76,4,203,0,572
11470-100213765,,지상,목동 404-13,499.97,4,248,0,463
11290-337,,지상,서울특별시 성북구 아리랑로 89,286.05,12,689,0,993
11215-518,,지상,광장동 22-1,43.1442,21,0,0,0
11740-725,,지상,서울특별시 강동구 올림픽로104길 42,326.23,4,417,0,477
11350-747,,지상,서울특별시 노원구 노원로 586,79.02,3,0,0,63
11260-442,,지상,서울특별시 중랑구 신내로 128,0.0,11,1081,0,886
11215-26,,지상,서울특별시 광진구 광나루로30길 49,70.74,3,0,0,49
11110-100188929,,지상,서울특별시 종로구 율곡로 6,765.44,2,0,0,226
11110-100191107,,지상,서울특별시 종로구 평창문화로 75,199.89,2,0,0,96
11290-898,,지상,서울특별시 성북구 동소문로 248,350.04,7,684,0,271
11290-1242,,지상,하월곡동 81-356,118.3215,4,0,0,57
11290-569,,지상,서울특별시 성북구 길음로 118,0.0,1,276,0,0
11530-100191436,,지상,서울특별시 구로구 시흥대로161가길 16-6,367.79,2,0,1,6
11650-27,,지상,서울특별시 서초구 효령로4길 56-29,0.0,2,95,0,0
11260-603,,지상,서울특별시 중랑구 상봉중앙로8길 104,292.0,11,494,0,540
11710-618,,지상,서울특별시 송파구 양산로2길 38,277.86,8,660,0,0
11320-440,,지상,서울특별시 도봉구 노해로70길 126,0.0,9,160,0,0
11230-100243793,,지상,답십리동 1009-0,299.89,9,764,0,910
11290-573,,지상,서울특별시 성북구 동소문로34길 24,0.0,4,736,0,0
11545-825,,지상,서울특별시 금천구 금하로23라길 31,0.0,2,197,0,0
11680-100244849,,지상,자곡동 619-0,177.05,8,1339,0,1590
11260-100266050,,지상,서울특별시 중랑구 용마산로136길 160,179.8,6,490,0,609
11260-100232257,,지상,묵동 57-1,168.89,3,0,11,20
11215-207,,지상,서울특별시 광진구 광장로1길 1,95.84,2,0,0,49
11350-738,,지상,서울특별시 노원구 노원로 29,0.0,10,432,0,0
11470-583,,지상,서울특별시 양천구 신정로 300,281.87,6,361,0,593
11290-1608,,지상,서울특별시 성북구 화랑로48길 16,277.53,28,1998,0,2195
11410-172,,지상,서울특별시 서대문구 통일로 333,224.18,4,0,1,0
11530-100255527,,지상,서울특별시 구로구 구로중앙로 107,249.8,3,24,0,72
11440-680,,지상,서울특별시 마포구 월드컵북로 6,0.0,2,0,0,0
11110-847,,지상,서울특별시 종로구 평창문화로 140,250.97,3,156,0,256
11440-743,,지상,서울특별시 마포구 새창로4길 25,148.26,2,0,0,0
11170-1,,지상,서울특별시 용산구 신흥로 133,88.6413,2,1,0,0
11170-141,,지상,서울특별시 용산구 삼개로 60,250.0,6,170,0,534
11170-90,,지상,서울특별시 용산구 두텁바위로 74,78.97,9,0,0,36
11590-963,,지상,서울특별시 동작구 서달로2길 29,131.95,6,246,0,128
11260-440,,지상,서울특별시 중랑구 봉화산로56길 40,0.0,3,48,0,0
11305-467,,지상,서울특별시 강북구 4.19로 3,0.0,2,0,0,0
11200-100215978,,지상,서울특별시 성동구 왕십리로 16,319.85,5,688,0,1120
11530-1018,,지상,서울특별시 구로구 경인로40길 11,363.13,9,372,0,454
11545-100183934,,지상,서울특별시 금천구 시흥대로 270,184.24,2,0,0,8
11470-567,,지상,서울특별시 양천구 목동로3길 57,82.84,18,2995,0,1267
11170-128,,지상,서울특별시 용산구 효창원로13길 38,92.78,3,0,0,0
11170-20,,지상,서울특별시 용산구 효창원로15길 37,88.22,4,0,0,39
11320-467,,지상,서울특별시 도봉구 우이천로 328,243.468,10,407,0,458
11320-85,,지상,서울특별시 도봉구 도봉로 871,54.91,2,0,0,3
11170-113,,지상,서울특별시 용산구 청파로73나길 2,54.7,2,0,1,0
11170-100186002,,지상,서울특별시 용산구 청파로47길 100,161.9269,22,0,0,833
11620-384,,지상,서울특별시 관악구 신원로 26,301.65,4,592,0,0
11200-1145,,지상,서울특별시 성동구 상원길 47,249.09,4,264,0,294
11110-559,,지상,서울특별시 종로구 평창문화로 81-5,132.07,2,0,0,47
11530-640,,지상,서울특별시 구로구 디지털로31길 86,318.07,17,1244,0,1488
11530-787,,지상,서울특별시 구로구 고척로 176,0.0,2,0,1,0
11470-738,,지상,서울특별시 양천구 남부순환로54길 37,28.73,5,0,2,37
11230-510,,지상,서울특별시 동대문구 왕산로26길 12-6,0.0,2,0,1,0
11200-100202112,,지상,서울특별시 성동구 왕십리로 241,392.92,4,495,0,1082
11215-62,,지상,서울특별시 광진구 아차산로70길 62,249.85,14,1056,0,512
11260-139,,지상,서울특별시 중랑구 숙선옹주로 109,75.41,2,0,0,45
11320-397,,지상,서울특별시 도봉구 덕릉로62길 13,207.68,6,609,0,329
11740-432,,지상,서울특별시 강동구 상암로 355,0.0,11,108,0,0
11320-89,,지상,서울특별시 도봉구 도봉로136가길 68,271.28,8,299,0,414
11110-529,,지상,서울특별시 종로구 북촌로11가길 1,0.0,1,0,1,0
11530-44,,지상,서울특별시 구로구 경인로 390,278.1,11,886,0,1054
11560-697,,지상,서울특별시 영등포구 당산로41길 23,0.0,8,510,0,0
11560-544,,지상,양평동2가 5-0,0.0,3,0,0,0
11650-100214973,,지상,서울특별시 서초구 양재대로2길 90,208.93,14,1082,0,1274
11350-148,,지상,서울특별시 노원구 한글비석로1길 28,198.22,14,700,0,779
11170-149,,지상,서울특별시 용산구 한강대로53길 16,250.0,2,146,0,199
11170-111,,지상,용산동3가 1-0,21.57,51,0,0,28
11260-100181754,,지상,서울특별시 중랑구 용마산로115길 127,0.0,1,128,0,0
11470-586,,지상,서울특별시 양천구 목동동로12길 60,292.61,8,972,0,1000
11290-1143,,지상,돈암동 603-0,218.21,8,339,0,383
11410-121,,지상,서울특별시 서대문구 북아현로5나길 84,106.2617,4,0,0,134
11260-636,,지상,서울특별시 중랑구 동일로123길 32,0.0,2,0,4,0
11590-100243093,,지상,서울특별시 동작구 만양로 6,244.24,9,893,0,1168
11680-211,,지상,서울특별시 강남구 삼성로 212,0.0,31,4424,0,0
11260-211,,지상,서울특별시 중랑구 망우로77길 12,40.86,2,0,1,0
11260-449,,지상,서울특별시 중랑구 용마산로 276,353.68,3,171,0,0
11200-1161,,지상,서울특별시 성동구 무학로 50,267.55,11,1408,0,1065
11200-943,,지상,서울특별시 성동구 뚝섬로 311,281.02,6,387,0,380
11200-2,,지상,서울특별시 성동구 고산자로 160,295.0,16,1174,0,1349
11200-1147,,지상,하왕십리동 1050-0,263.34,5,0,0,0
11260-48,,지상,서울특별시 중랑구 겸재로29길 27,249.94,5,178,0,191
11320-93,,지상,서울특별시 도봉구 덕릉로60길 164-13,295.92,2,135,0,166
11290-588,,지상,서울특별시 성북구 북악산로 847,281.6,3,193,0,217
11290-100239536,,지상,보문동6가 458-0,237.83,18,1186,0,1320
11230-100251974,,지상,서울특별시 동대문구 휘경로 60,297.43,8,900,0,1100
11230-100218553,,지상,전농동 690-0,238.51,34,0,0,2901
11410-184,,지상,서울특별시 서대문구 세무서2길 64,275.98,3,240,0,0
11530-100214952,,지상,구로동 644-12,89.22,3,0,0,3
11740-149,,지상,서울특별시 강동구 성안로25길 6,335.49,5,643,0,504
11470-652,,지상,서울특별시 양천구 중앙로55길 59,227.13,2,88,0,95
11350-283,,지상,서울특별시 노원구 상계로5길 12,300.25,8,448,0,530
11500-847,,지상,서울특별시 강서구 발산로 40,38.99,15,0,0,2605
11350-163,,지상,서울특별시 노원구 동일로 1456,187.5,17,2158,0,0
11200-516,,지상,도선동 20-0,0.0,0,0,10,0
11590-100191291,,지상,서울특별시 동작구 장승배기로16길 134,198.46,5,299,0,333
11200-667,,지상,서울특별시 성동구 마장로 262,367.47,2,170,0,186
11200-873,,지상,서울특별시 성동구 왕십리로 280,253.55,9,498,0,567
11200-89,,지상,서울특별시 성동구 독서당로 343,227.42,12,590,0,690
11290-100266851,,지상,서울특별시 성북구 장월로 160,259.51,11,939,0,1096
11290-100227593,,지상,하월곡동 80-2,91.94,2,0,0,0
11290-100199270,,지상,서울특별시 성북구 오패산로16가길 40,200.08,15,714,0,729
11650-100284475,,지상,서울특별시 서초구 신흥말길 79-3,6.11,237,0,0,0
11560-100261088,,지상,서울특별시 영등포구 여의대로 108,791.67,4,0,0,2430
11710-100180867,,지상,서울특별시 송파구 잠실로 12,58.14,3,0,0,45
11200-689,,지상,서울특별시 성동구 마장로31가길 6,0.0,0,0,2,0
11530-937,,지상,서울특별시 구로구 경인로35길 40-24,0.0,6,0,6,0
11290-1142,,지상,서울특별시 성북구 종암로9길 71,227.84,15,782,0,917
11320-21,,지상,방학동 720-1,301.3,18,1278,0,1985
11320-41,,지상,서울특별시 도봉구 노해로57길 86,0.0,0,264,0,0
11545-790,,지상,서울특별시 금천구 시흥대로63길 7,0.0,2,0,2,0
11200-100197632,,지상,옥수동 562-0,231.45,3,310,0,239
11710-190,,지상,서울특별시 송파구 성내천로 87,359.52,4,196,0,231
11545-709,,지상,서울특별시 금천구 시흥대로58길 13,0.0,2,0,0,0
11590-593,,지상,서울특별시 동작구 양녕로26길 11,0.0,3,130,0,0
11170-100211039,,지상,서울특별시 용산구 대사관로 35,149.64,3,0,14,85
11320-44,,지상,서울특별시 도봉구 해등로 242-11,0.0,8,498,0,0
11350-200,,지상,서울특별시 노원구 노원로 41,0.0,3,73,0,0
11290-1401,,지상,서울특별시 성북구 동소문로42길 14-4,0.0,2,0,2,0
11500-673,,지상,서울특별시 강서구 강서로5나길 53,107.16,2,0,2,0
11260-100252550,,지상,묵동 240-55,197.14,4,44,0,36
11320-80,,지상,서울특별시 도봉구 시루봉로6길 53,0.0,0,0,0,0
11380-201,,지상,서울특별시 은평구 서오릉로15길 16,78.79,2,0,0,0
11380-100269915,,지상,서울특별시 은평구 가좌로10길 10,161.0,2,0,0,20
11620-233,,지상,서울특별시 관악구 신림로 114,84.46,3,0,0,50
11710-100,,지상,서울특별시 송파구 오금로32길 42,352.36,3,243,0,0
11500-301,,지상,서울특별시 강서구 양천로75길 57,0.0,6,498,0,0
11590-325,,지상,서울특별시 동작구 사당로2길 2-32,227.73,3,194,0,206
11410-405,,지상,서울특별시 서대문구 통일로 332,220.51,3,228,0,178
11410-186,,지상,서울특별시 서대문구 통일로34길 35,269.77,17,939,0,1352
11545-445,,지상,서울특별시 금천구 가산로 100,60.07,4,0,0,9
11410-437,,지상,서울특별시 서대문구 수색로 157,249.77,2,99,0,119
11530-601,,지상,서울특별시 구로구 도림로 107,261.64,4,427,0,167
11110-314,,지상,서울특별시 종로구 혜화로 74,69.84,9,0,0,82
11350-368,,지상,중계동 61-0,0.0,6,0,6,0
11710-322,,지상,서울특별시 송파구 올림픽로4길 69,56.18,2,0,0,0
11350-174,,지상,서울특별시 노원구 중계로19길 16,195.45,12,780,0,989
11410-100181873,,지상,북아현동 3-551,0.0,2,0,2,0
11200-428,,지상,서울특별시 성동구 동호로 100,249.19,0,1318,0,712
11530-204,,지상,서울특별시 구로구 부일로1나길 28,54.48,3,0,0,0
11170-5,,지상,서울특별시 용산구 두텁바위로1길 66,79.22,2,0,2,0
11170-159,,지상,서울특별시 용산구 두텁바위로1나길 19,46.97,3,0,0,36
11170-154,,지상,후암동 38-3,85.78,4,0,0,20
11170-146,,지상,후암동 250-5,54.3243,2,0,1,1
11170-143,,지상,서울특별시 용산구 후암로44길 3,139.41,2,0,0,4
11170-110,,지상,서울특별시 용산구 후암로4길 70,125.07,2,0,0,24
11170-100191370,,지상,후암동 30-84,2.13,2,0,0,0
11410-100234503,,지상,서울특별시 서대문구 홍제천로 136,249.96,5,396,0,482
11260-344,,지상,면목동 49-3,194.93,10,0,0,338
11680-100204098,,지상,세곡동 516-0,160.99,8,363,0,407
11290-100229805,,지상,돈암동 643-0,243.33,6,490,0,558
11380-695,,지상,서울특별시 은평구 통일로 684,64.76,14,0,0,0
11500-880,,지상,공항동 1373-0,11.32,66,0,0,279
11560-100255888,,지상,서울특별시 영등포구 양평로 105,320.61,2,0,9,20
11500-791,,지상,서울특별시 강서구 공항대로 484-12,18.05,5,0,0,35
11560-780,,지상,서울특별시 영등포구 도림로143길 32,356.73,6,382,0,401
11320-107,,지상,서울특별시 도봉구 노해로49길 69,95.35,11,0,0,144
11620-100277860,,지상,서울특별시 관악구 청룡16길 43,248.69,10,565,0,669
11620-296,,지상,서울특별시 관악구 호암로 498,65.75,3,0,0,94
11170-100199065,,지상,원효로1가 41-0,831.35,2,559,0,1106
11170-100191833,,지상,서울특별시 용산구 원효로 216,250.0,14,867,0,1056
11650-39,,지상,서울특별시 서초구 사임당로17길 38,0.0,14,0,14,0
11560-1192,,지상,서울특별시 영등포구 도림로80가길 14,70.73,1,0,0,0
11590-100217527,,지상,대방동 391-62,89.93,2,0,0,30
11710-644,,지상,서울특별시 송파구 양산로8길 24,235.13,12,478,0,0
11110-100180097,,지상,서울특별시 종로구 율곡로 99,0.9,41,0,0,0
11620-475,,지상,서울특별시 관악구 난곡로34길 80,39.14,2,0,0,0
11500-183,,지상,서울특별시 강서구 양천로67길 77,0.0,5,339,0,0
11320-356,,지상,서울특별시 도봉구 방학로 126-14,192.21,2,17,0,6
11290-1361,,지상,길음동 1094-0,0.0,3,0,8,0
11740-100180913,,지상,서울특별시 강동구 아리수로97길 19,179.03,11,748,0,831
11410-506,,지상,서울특별시 서대문구 통일로26길 17,248.87,2,123,0,243
11215-47,,지상,서울특별시 광진구 아차산로70길 17-16,119.45,4,0,0,63
11320-396,,지상,서울특별시 도봉구 우이천로 200,370.72,2,183,0,0
11230-1251,,지상,서울특별시 동대문구 제기로 129,288.95,15,1570,0,1406
11230-1338,,지상,서울특별시 동대문구 제기로 131,0.0,0,1039,0,0
11680-100303203,,지상,서울특별시 강남구 영동대로 22,336.99,21,1996,0,3239
11650-69,,지상,서울특별시 서초구 남부순환로 2311-12,294.81,11,588,0,1244
11200-956,,지상,서울특별시 성동구 상원6길 16,297.88,5,294,0,297
11740-357,,지상,서울특별시 강동구 고덕로 183,46.73,3,0,0,46
11530-100186511,,지상,서울특별시 구로구 중앙로 121,159.02,11,0,0,910
11320-441,,지상,서울특별시 도봉구 노해로70길 119,0.0,6,750,0,286
11350-153,,지상,서울특별시 노원구 석계로15길 25,396.45,2,190,0,238
11410-100181815,,지상,서울특별시 서대문구 통일로32길 42-5,0.0,2,0,2,0
11500-31,,지상,서울특별시 강서구 등촌로 35,0.0,2,0,1,0
11530-168,,지상,서울특별시 구로구 신도림로19길 16,263.59,6,260,0,212
11530-851,,지상,서울특별시 구로구 고척로33다길 31,0.0,2,0,0,0
11530-574,,지상,서울특별시 구로구 남부순환로95길 16,398.18,6,369,0,318
11500-100202855,,지상,서울특별시 강서구 개화동로8길 17,9.13,10,0,0,428
11560-717,,지상,영등포동3가 10-6,0.0,2,0,0,0
11680-387,,지상,서울특별시 강남구 도산대로85길 50-26,0.0,2,12,0,0
11560-678,,지상,서울특별시 영등포구 영등포로 106,399.45,2,536,0,583
11680-88,,지상,서울특별시 강남구 논현로 566,172.4,3,0,0,173
11230-521,,지상,장안동 373-9,0.0,0,0,1,0
11350-654,,지상,서울특별시 노원구 동일로180길 53,0.0,2,0,1,0
11350-383,,지상,서울특별시 노원구 노원로 130,24.912,9,0,0,136
11200-100237077,,지상,서울특별시 성동구 한림말길 43,96.18,2,0,0,66
11620-528,,지상,서울특별시 관악구 은천로15길 25,69.89,8,0,0,46
11650-124,,지상,서울특별시 서초구 신반포로47길 118,99.56,2,0,0,4
11470-100222648,,지상,신월동 609-7,83.55,2,0,0,56
11560-2083,,지상,서울특별시 영등포구 선유서로 128,449.86,2,0,0,187
11560-1624,,지상,서울특별시 영등포구 선유서로 115,333.57,2,187,0,215
11290-1195,,지상,서울특별시 성북구 종암로24가길 53,369.24,8,1320,0,1691
11470-301,,지상,서울특별시 양천구 곰달래로11길 21,246.45,2,132,0,138
11560-633,,지상,서울특별시 영등포구 도림로 434-9,0.0,2,0,1,0
11500-860,,지상,서울특별시 강서구 벌말로 271,21.78,4,0,0,5
11350-807,,지상,서울특별시 노원구 공릉로58길 36,72.55,2,0,0,66
11350-100191234,,지상,서울특별시 노원구 한글비석로5길 45,88.31,3,0,0,32
11305-100239464,,지상,서울특별시 강북구 삼양로 689,78.99,15,0,0,642
11320-343,,지상,서울특별시 도봉구 방학로 212-11,0.0,3,220,0,0
11410-384,,지상,서울특별시 서대문구 연희로41길 173,135.23,3,88,0,101
11710-100506261,,지상,장지동 905-0,168.47,27,2200,0,2345
11740-55,,지상,서울특별시 강동구 천호대로 1056,37.18,3,0,0,1
11590-955,,지상,서울특별시 동작구 보라매로5길 58,72.99,2,0,0,0
11350-98,,지상,서울특별시 노원구 노원로22길 34,245.25,9,568,0,921
11350-100184420,,지상,서울특별시 노원구 누원로 18,189.2,8,548,0,581
11350-646,,지상,서울특별시 노원구 덕릉로60길 298,0.0,2,48,0,0
11680-100205507,,지상,역삼동 762-3,266.4,5,0,0,626
11350-585,,지상,서울특별시 노원구 덕릉로60길 185,266.25,4,410,0,226
11350-541,,지상,서울특별시 노원구 덕릉로60길 222,238.92,4,225,0,236
11650-100284755,,지상,서울특별시 서초구 반포대로 310-6,299.84,7,757,0,1202
11290-1034,,지상,하월곡동 39-1,41.72,19,0,0,902
11290-100241576,,지상,서울특별시 성북구 아리랑로 75,235.93,13,629,0,708
11260-100182883,,지상,서울특별시 중랑구 봉화산로56길 37,140.96,2,0,0,29
11170-59,,지상,서울특별시 용산구 한강대로21길 7,47.48,2,0,0,20
11440-1307,,지상,서울특별시 마포구 임정로13길 11-5,62.53,2,0,2,0
11710-265,,지상,서울특별시 송파구 성내천로35길 8-7,0.0,2,12,0,6
11530-100181804,,지상,서울특별시 구로구 경인로47길 128,220.01,3,175,0,207
11440-517,,지상,서울특별시 마포구 임정로13길 11-8,0.0,2,0,6,0
11710-62,,지상,서울특별시 송파구 성내천로35길 5,0.0,3,84,0,0
11560-1259,,지상,서울특별시 영등포구 노량진로 7,0.0,2,0,1,0
11590-100194692,,지상,서울특별시 동작구 보라매로5길 20,199.98,3,0,0,628
11305-21,,지상,서울특별시 강북구 삼양로99길 36,66.11,6,0,0,69
11620-72,,지상,서울특별시 관악구 난우12길 40,0.0,2,0,2,0
11620-704,,지상,서울특별시 관악구 관악로 1,0.0,0,0,0,0
11620-144,,지상,서울특별시 관악구 관악로 1,0.0,0,0,0,0
11290-751,,지상,서울특별시 성북구 동소문로13길 39-36,251.7,5,345,0,323
11680-100228197,,지상,자곡동 686-0,150.36,27,1304,0,1637
11230-531,,지상,휘경동 29-2,54.56,9,0,0,1053
11110-866,,지상,서울특별시 종로구 자하문로9길 11,136.34,2,0,0,4
11290-100264211,,지상,정릉동 685-13,192.5,3,17,0,15
11560-429,,지상,서울특별시 영등포구 문래로4길 6,0.0,3,390,0,0
11320-100212094,,지상,방학동 466-0,47.33,2,0,0,9
11350-100215669,,지상,서울특별시 노원구 동일로221길 27,49.37,2,0,0,28
11500-810,,지상,오곡동 1-0,3.47,24,0,0,0
11110-100192137,,지상,서울특별시 종로구 종로1길 50,799.9753,2,0,0,398
11500-40,,지상,서울특별시 강서구 강서로43길 44,0.0,2,0,2,0
11590-1029,,지상,서울특별시 동작구 사당로17길 111,0.0,3,265,0,0
11650-157,,지상,서울특별시 서초구 방배로 239,172.99,16,126,0,518
11710-100241387,,지상,서울특별시 송파구 충민로 172,125.12,2,0,0,61
11290-100191507,,지상,서울특별시 성북구 북악산로 851,235.93,10,527,0,638
11560-100203845,,지상,여의도동 23-0,928.7642,5,0,0,2085
11530-60,,지상,서울특별시 구로구 신도림로 11,298.82,3,204,0,260
11545-100227119,,지상,서울특별시 금천구 벚꽃로 30,489.84,8,292,0,652
11410-503,,지상,서울특별시 서대문구 수색로6길 43,209.36,10,503,0,574
11200-279,,지상,마장동 793-1,0.0,0,0,15,0
11320-240,,지상,서울특별시 도봉구 삼양로162길 40,112.54,2,6,0,14
11590-100200336,,지상,사당동 1131-0,268.18,5,451,0,599
11545-136,,지상,서울특별시 금천구 금하로 619,157.16,2,0,1,0
11470-562,,지상,서울특별시 양천구 중앙로48길 66,115.03,3,0,0,6
11470-406,,지상,서울특별시 양천구 곰달래로7길 7,247.52,2,136,0,108
11620-532,,지상,서울특별시 관악구 봉천로17길 5-10,0.0,4,0,4,0
11350-95,,지상,서울특별시 노원구 덕릉로84길 7,293.38,5,499,0,345
11440-1386,,지상,동교동 170-30,0.0,2,0,2,0
11680-100257773,,지상,삼성동 159-8,798.91,2,0,0,593
11710-256,,지상,서울특별시 송파구 양재대로72길 42,270.9,2,110,0,126
11650-62,,지상,서울특별시 서초구 방배중앙로21길 55,0.0,4,123,0,219
11500-814,,지상,서울특별시 강서구 남부순환로 224-58,20.03,2,0,0,5
11590-399,,지상,서울특별시 동작구 서달로 83,289.88,2,206,0,223
11590-731,,지상,서울특별시 동작구 알마타길 37,289.62,8,609,0,709
11500-100278453,,지상,마곡동 746-0,232.83,8,347,0,403
11470-218,,지상,서울특별시 양천구 중앙로51길 56,0.0,2,30,0,0
11470-296,,지상,서울특별시 양천구 목동중앙로3길 30-10,72.24,3,0,0,143
11500-520,,지상,서울특별시 강서구 허준로 55-20,254.18,4,181,0,324
11350-246,,지상,서울특별시 노원구 상계로7길 18,26.24,3,137,0,87
11260-100206525,,지상,서울특별시 중랑구 신내역로 165,172.19,24,1896,0,2202
11530-585,,지상,서울특별시 구로구 구로중앙로 197,127.718,37,0,0,1414
11230-201,,지상,서울특별시 동대문구 이문로 99,0.0,2,0,0,0
11290-685,,지상,서울특별시 성북구 정릉로44길 7,0.0,4,60,0,0
11530-606,,지상,서울특별시 구로구 도림로 59,354.05,13,1285,0,774
11650-382,,지상,서울특별시 서초구 남부순환로 2584,95.54,3,0,0,159
11650-292,,지상,서울특별시 서초구 남부순환로346길 9,77.51,4,0,0,70
11290-1321,,지상,서울특별시 성북구 오패산로3길 17,395.44,6,746,0,659
11500-100250575,,지상,화곡동 24-266,77.14,2,0,0,60
11260-86,,지상,면목동 393-114,0.0,2,0,2,0
11440-1060,,지상,서울특별시 마포구 독막로 113,59.67,3,0,0,41
11740-391,,지상,서울특별시 강동구 양재대로85길 60,252.0,3,90,0,102
11110-864,,지상,서울특별시 종로구 평창문화로 81-8,0.0,9,54,0,0
11740-323,,지상,서울특별시 강동구 명일로 200-34,377.67,3,264,0,271
11740-157,,지상,서울특별시 강동구 구천면로 278,313.65,6,526,0,551
11320-100205879,,지상,쌍문동 531-95,149.96,2,16,0,13
11710-100495043,,지상,장지동 885-0,229.8,18,1493,0,1776
11740-100218521,,지상,서울특별시 강동구 천호대로 1089,451.33,3,230,0,434
11200-1214,,지상,서울특별시 성동구 사근동11길 16,80.26,4,0,0,32
11110-100193372,,지상,서울특별시 종로구 대학로 86,83.07,7,0,0,331
11650-367,,지상,서울특별시 서초구 고무래로 94,295.97,3,160,0,238
11650-310,,지상,서울특별시 서초구 사평대로 150,0.0,3,108,0,0
11710-488,,지상,서울특별시 송파구 중대로 178,77.57,2,0,0,0
11500-100223003,,지상,방화동 249-29,211.62,2,21,0,16
11470-90,,지상,서울특별시 양천구 목동동로12길 23,0.0,3,338,0,0
11680-141,,지상,서울특별시 강남구 광평로51길 49,0.0,16,2560,0,0
11680-190,,지상,서울특별시 강남구 광평로31길 27,211.35,13,683,0,0
11170-65,,지상,서울특별시 용산구 서빙고로 413,299.95,2,135,0,490
11290-1136,,지상,서울특별시 성북구 한천로101길 18,231.59,7,373,0,412
11290-902,,지상,서울특별시 성북구 도봉로 31,0.0,2,0,0,0
11410-100201481,,지상,북가좌동 481-0,229.59,58,3293,0,4890
11410-275,,지상,서울특별시 서대문구 증가로 191,289.63,15,1114,0,1323
11470-671,,지상,서울특별시 양천구 목동서로 38,0.0,38,1882,0,1104
11470-541,,지상,서울특별시 양천구 신월로17길 22,316.92,1,108,0,127
11560-1198,,지상,신길동 189-24,0.0,2,0,2,0
11440-836,,지상,서울특별시 마포구 성미산로7길 24,51.38,2,0,0,0
11680-232,,지상,서울특별시 강남구 선릉로130길 19,0.0,2,304,0,0
11680-179,,지상,서울특별시 강남구 남부순환로363길 30,298.3433,5,384,0,418
11350-257,,지상,서울특별시 노원구 섬밭로 196,0.0,17,1880,0,0
11350-582,,지상,서울특별시 노원구 초안산로5길 22,269.7,8,344,0,625
11470-656,,지상,서울특별시 양천구 오목로 300,631.71,7,576,0,1897
11320-399,,지상,서울특별시 도봉구 덕릉로 371,288.76,6,366,0,371
11320-100189210,,지상,서울특별시 도봉구 덕릉로63가길 60,66.95,2,0,0,13
11110-582,,지상,서울특별시 종로구 평창8길 3,87.34,2,0,0,32
11110-650,,지상,관철동 11-11,67.79,6,0,0,0
11680-65,,지상,서울특별시 강남구 영동대로142길 25,423.36,2,108,0,0
11680-382,,지상,서울특별시 강남구 도곡로78길 22,261.51,15,961,0,1259
11680-241,,지상,서울특별시 강남구 학동로 432,0.0,3,339,0,0
11290-1342,,지상,서울특별시 성북구 종암로 93,0.0,4,0,0,0
11170-9,,지상,서울특별시 용산구 효창원로104나길 36,0.0,2,8,0,0
11170-100206298,,지상,서계동 222-1,48.92,2,0,0,0
11170-100220659,,지상,서계동 223-55,0.0,0,0,0,0
11170-106,,지상,서울특별시 용산구 효창원로 258,103.19,7,0,0,29
11110-100212792,,지상,평동 233-0,241.46,9,589,0,760
11680-100279783,,지상,일원동 741-0,249.99,13,850,0,1296
11110-100189826,,지상,서울특별시 종로구 필운대로1길 34,87.11,13,0,0,185
11470-417,,지상,서울특별시 양천구 목동중앙북로24길 65,298.68,2,122,0,167
11470-682,,지상,서울특별시 양천구 목동동로 258,349.03,2,225,0,239
11740-100202006,,지상,서울특별시 강동구 명일로 364,44.35,3,0,0,40
11650-100225678,,지상,서울특별시 서초구 양재대로2길 11,250.15,3,358,0,419
11410-504,,지상,서울특별시 서대문구 독립문로8길 54,229.07,17,1008,0,789
11410-100241503,,지상,서울특별시 서대문구 거북골로 84,250.52,14,1047,0,1372
11470-471,,지상,서울특별시 양천구 곰달래로 46,0.0,2,0,0,0
11200-750,,지상,서울특별시 성동구 행당로 120,0.0,0,0,0,0
11260-100228723,,지상,신내동 644-2,96.23,3,0,0,44
11170-3,,지상,서울특별시 용산구 소월로20길 43,113.23,2,0,0,31
11170-169,,지상,서울특별시 용산구 한강대로57길 33,95.09,4,0,0,79
11410-100230583,,지상,서울특별시 서대문구 증가로 150,226.21,14,1061,0,1624
11440-710,,지상,서울특별시 마포구 삼개로 38,0.0,16,1222,0,0
11440-557,,지상,연남동 369-1,82.13,9,0,1,0
11710-102,,지상,서울특별시 송파구 한가람로 448,0.0,9,782,0,0
11140-100229743,,지상,서울특별시 중구 퇴계로 67,1014.24,2,0,0,204
11650-303,,지상,서울특별시 서초구 서초중앙로 242,0.0,3,168,0,0
11470-100220978,,지상,서울특별시 양천구 중앙로36길 15,252.37,17,1081,0,1337
11290-1270,,지상,정릉동 861-1,97.84,25,0,0,1243
11530-1017,,지상,서울특별시 구로구 남부순환로97길 50,397.13,3,188,0,0
11650-100190470,,지상,서울특별시 서초구 반포대로 58,426.78,5,164,0,496
11290-501,,지상,정릉동 161-10,0.0,2,0,1,0
11200-1024,,지상,서울특별시 성동구 고산자로6길 27-1,0.0,0,0,2,0
11710-429,,지상,서울특별시 송파구 오금로68길 25-4,118.02,2,0,8,14
11650-421,,지상,서울특별시 서초구 서초대로 385,0.0,8,615,0,0
11590-100208538,,지상,동작동 333-0,212.06,16,680,0,926
11350-218,,지상,서울특별시 노원구 덕릉로 459-18,0.0,5,600,0,0
11140-70,,지상,서울특별시 중구 수표로12길 18,0.0,0,0,1,0
11650-248,,지상,서울특별시 서초구 과천대로 786,48.04,3,0,0,2
11680-100224210,,지상,자곡동 646-0,99.21,12,96,0,106
11650-309,,지상,서울특별시 서초구 사평대로 240,0.0,4,435,0,0
11290-1705,,지상,서울특별시 성북구 보국문로 19,249.01,7,403,0,448
11320-170,,지상,서울특별시 도봉구 삼양로144길 33,42.11,20,0,0,535
11740-376,,지상,강일동 651-0,0.0,3,0,3,0
11290-673,,지상,서울특별시 성북구 보문사길 112,0.0,4,218,0,0
11200-1043,,지상,서울특별시 성동구 살곶이2나길 12-1,0.0,0,0,2,0
11350-251,,지상,서울특별시 노원구 노원로 214,219.09,7,396,0,576
11560-100222087,,지상,도림동 821-0,249.31,9,836,0,1191
11560-1244,,지상,서울특별시 영등포구 도신로29길 28,249.98,35,2462,0,2554
11530-100263287,,지상,서울특별시 구로구 가마산로20다길 22-7,193.99,2,29,0,19
11710-100494538,,지상,장지동 896-0,259.97,3,148,0,298
11440-1075,,지상,서울특별시 마포구 월드컵북로 328,120.52,2,0,0,22
11560-285,,지상,신길동 283-0,0.0,3,0,3,0
11290-1378,,지상,서울특별시 성북구 정릉로 402-16,284.53,6,499,0,517
11290-970,,지상,길음동 1242-13,0.0,2,0,2,0
11215-48,,지상,서울특별시 광진구 아차산로 637,0.0,11,432,0,0
11260-100249550,,지상,중화동 314-4,176.07,2,20,0,17
11410-42,,지상,서울특별시 서대문구 증가로2길 48,0.0,2,8,0,0
11545-786,,지상,독산동 0-0,0.0,6,0,6,0
11320-215,,지상,서울특별시 도봉구 도봉로169길 31,219.04,6,630,0,453
11290-1129,,지상,서울특별시 성북구 길음로13길 39,254.66,6,434,0,473
11290-1273,,지상,서울특별시 성북구 월곡로14길 26,249.01,11,787,0,935
11350-269,,지상,서울특별시 노원구 중계로14나길 25,307.83,9,478,0,563
11350-146,,지상,서울특별시 노원구 노원로16길 60,160.51,13,2694,0,602
11350-300,,지상,서울특별시 노원구 화랑로51나길 36,89.6,6,74,0,150
11530-595,,지상,서울특별시 구로구 가마산로 97,0.0,2,139,0,0
11530-801,,지상,서울특별시 구로구 디지털로31길 119,250.24,2,79,0,93
11260-528,,지상,서울특별시 중랑구 면목로37길 24,0.0,2,0,2,0
11230-183,,지상,서울특별시 동대문구 사가정로 245-3,323.17,3,300,0,289
11560-100260289,,지상,서울특별시 영등포구 버드나루로11길 7,479.02,2,28,0,72
11470-100207405,,지상,서울특별시 양천구 지양로 139,59.44,13,0,0,0
11200-28,,지상,서울특별시 성동구 동호로 84,298.63,3,249,0,284
11260-613,,지상,서울특별시 중랑구 상봉중앙로1다길 21,297.87,6,375,0,442
11320-47,,지상,서울특별시 도봉구 덕릉로 349,0.0,0,870,0,0
11290-100221352,,지상,서울특별시 성북구 낙산길 255,0.0,7,361,0,564
11320-419,,지상,서울특별시 도봉구 덕릉로 350,0.0,0,840,0,0
11680-306,,지상,서울특별시 강남구 언주로30길 13,936.89,4,490,0,1641
11290-100237354,,지상,정릉동 376-6,189.49,4,37,0,31
11410-208,,지상,서울특별시 서대문구 포방터2길 89-6,57.87,2,0,2,0
11320-100220527,,지상,서울특별시 도봉구 해등로36길 7,149.98,4,36,0,30
11260-42,,지상,서울특별시 중랑구 망우로73길 56,48.01,6,0,0,81
11350-399,,지상,서울특별시 노원구 공릉로 257,111.85,3,0,0,95
11680-118,,지상,서울특별시 강남구 논현로145길 15-1,0.0,2,4,0,0
11710-75,,지상,서울특별시 송파구 마천로51가길 2,0.0,2,0,2,0
11650-100240694,,지상,서울특별시 서초구 헌릉로8길 45,225.82,14,1077,0,1185
11560-1073,,지상,서울특별시 영등포구 영중로 145,369.91,8,520,0,608
11290-1274,,지상,정릉동 16-1,218.54,16,0,0,911
11350-239,,지상,서울특별시 노원구 동일로231길 86,286.19,6,465,0,286
11230-100257935,,지상,서울특별시 동대문구 망우로 123,0.0,2,0,0,0
11740-100253486,,지상,서울특별시 강동구 천중로12길 1,246.95,5,75,0,69
11560-100266049,,지상,신길동 4958-0,264.48,20,1546,0,1881
11350-100189073,,지상,서울특별시 노원구 화랑로 815,52.62,35,0,0,546
11350-414,,지상,서울특별시 노원구 상계로1길 82-14,293.38,2,114,0,122
11500-262,,지상,서울특별시 강서구 금낭화로23길 8,0.0,10,686,0,0
11650-355,,지상,서울특별시 서초구 바우뫼로31길 55,0.0,6,0,6,0
11170-100193132,,지상,갈월동 89-14,105.22,2,0,0,0
11500-575,,지상,서울특별시 강서구 양천로 201,3.6,22,0,0,7
11620-593,,지상,봉천동 913-4,0.0,3,0,2,0
11320-100215254,,지상,서울특별시 도봉구 도당로13나길 36,199.44,4,38,0,31
11320-346,,지상,서울특별시 도봉구 방학로15길 40,0.0,10,660,0,583
11170-181,,지상,서울특별시 용산구 두텁바위로5길 28,113.46,2,0,8,0
11200-613,,지상,서울특별시 성동구 아차산로 163,0.0,2,0,0,0
11140-46,,지상,서울특별시 중구 중림로 15-3,0.0,0,0,1,0
11350-100204991,,지상,월계동 949-0,249.98,7,504,0,598
11710-100468962,,지상,거여동 331-0,94.12,2,0,0,8
11740-119,,지상,서울특별시 강동구 양재대로156길 11,64.56,3,0,0,45
11560-100244868,,지상,영등포동7가 203-0,369.57,20,1221,0,1609
11680-100285004,,지상,서울특별시 강남구 도산대로38길 27,74.77,2,0,0,0
11680-199,,지상,서울특별시 강남구 압구정로29길 68,0.0,4,224,0,0
11680-70,,지상,서울특별시 강남구 도곡로43길 10,79.98,3,0,0,48
11200-611,,지상,성수동2가 277-56,0.0,0,0,0,0
11260-621,,지상,서울특별시 중랑구 공릉로18길 59,338.13,7,587,0,678
11560-622,,지상,서울특별시 영등포구 경인로 755,0.0,7,0,0,0
11230-1179,,지상,서울특별시 동대문구 사가정로 190,0.0,16,2446,0,0
11305-100238144,,지상,서울특별시 강북구 솔매로 3-8,134.23,2,0,2,0
11650-100199039,,지상,서울특별시 서초구 양재대로12길 73-71,15.95,2,0,0,145
11320-173,,지상,서울특별시 도봉구 삼양로 620,29.33,6,0,0,4
11740-100243664,,지상,서울특별시 강동구 고덕로80길 134,249.723,14,687,0,917
11110-578,,지상,서울특별시 종로구 대학로 156,69.95,6,0,0,146
11740-142,,지상,서울특별시 강동구 풍성로 114-1,372.88,3,349,0,343
11290-565,,지상,서울특별시 성북구 길음로 141,0.0,4,253,0,0
11260-7,,지상,서울특별시 중랑구 신내로19길 42,187.26,16,1609,0,915
11740-393,,지상,서울특별시 강동구 구천면로24길 13,379.82,2,0,1,4
11380-100195353,,지상,서울특별시 은평구 갈현로15길 51,115.74,2,0,0,108
11560-1839,,지상,서울특별시 영등포구 신길로 190,47.56,4,0,0,0
11170-50,,지상,서울특별시 용산구 이촌로87길 21,317.2,9,787,0,787
11290-100215352,,지상,정릉동 966-4,199.14,2,16,0,13
11620-443,,지상,서울특별시 관악구 호암로18나길 30,195.66,2,14,0,8
11260-510,,지상,면목동 993-0,0.0,2,0,2,0
11740-100212231,,지상,암사동 466-9,156.04,2,24,0,15
11740-100186518,,지상,서울특별시 강동구 성내로 60,435.85,2,0,0,37
11650-323,,지상,서울특별시 서초구 반포대로 222,188.85,8,0,0,2313
11650-28,,지상,서울특별시 서초구 방배로 249,0.0,2,80,0,0
11320-59,,지상,서울특별시 도봉구 마들로 599,49.68,2,0,0,7
11500-230,,지상,서울특별시 강서구 허준로 23,0.0,12,990,0,0
11260-296,,지상,중화동 13-0,0.0,3,0,4,0
11260-568,,지상,서울특별시 중랑구 동일로136나길 57,44.22,3,0,3,2
11260-631,,지상,중화동 130-10,0.0,3,0,2,0
11530-6,,지상,서울특별시 구로구 경인로 213,0.0,2,0,0,0
11350-532,,지상,서울특별시 노원구 공릉로27길 110,0.0,1,181,0,0
11230-507,,지상,용두동 236-38,0.0,0,0,2,0
11530-638,,지상,서울특별시 구로구 경인로 158,317.86,2,152,0,122
11530-641,,지상,서울특별시 구로구 신도림로 56-13,293.27,7,411,0,562
11680-100198307,,지상,서울특별시 강남구 남부순환로 2912,0.0,6,450,0,0
11650-491,,지상,서울특별시 서초구 효령로68길 13,0.0,7,412,0,0
11440-1558,,지상,서울특별시 마포구 만리재옛길 13,69.78,4,0,0,0
11260-523,,지상,서울특별시 중랑구 봉화산로 153,0.0,8,1000,0,251
11710-371,,지상,서울특별시 송파구 성내천로 314,226.36,4,173,0,210
11530-541,,지상,서울특별시 구로구 경인로 213-1,0.0,2,0,0,0
11290-823,,지상,서울특별시 성북구 지봉로21길 19,233.7,8,431,0,480
11545-35,,지상,서울특별시 금천구 독산로 3,126.61,2,0,1,0
11680-100282423,,지상,개포동 1280-0,249.99,24,1957,0,3153
11680-100188447,,지상,서울특별시 강남구 남부순환로 3022,61.07,4,0,0,22
11740-356,,지상,서울특별시 강동구 고덕로62길 126,186.87,2,120,0,81
11530-75,,지상,서울특별시 구로구 신도림로11가길 36,0.0,7,824,0,0
11305-100225993,,지상,미아동 791-1544,197.49,2,24,0,19
11290-100183892,,지상,서울특별시 성북구 보국문로 116,179.25,19,522,0,601
11230-707,,지상,전농동 206-28,0.0,0,0,3,0
11740-322,,지상,서울특별시 강동구 천중로 210,79.07,2,0,4,5
11740-433,,지상,서울특별시 강동구 구천면로 557,0.0,6,410,0,174
11215-288,,지상,서울특별시 광진구 영화사로 111,62.57,2,0,0,32
11710-565,,지상,서울특별시 송파구 오금로35길 17,0.0,24,1316,0,0
11215-66,,지상,서울특별시 광진구 아차산로 503-23,398.06,6,654,0,515
11170-54,,지상,서울특별시 용산구 이촌로88길 30,290.62,6,244,0,608
11680-224,,지상,서울특별시 강남구 광평로10길 6,108.02,21,570,0,0
11590-100246253,,지상,서울특별시 동작구 만양로 5,180.51,2,17,0,18
11560-1978,,지상,서울특별시 영등포구 영신로 191,276.94,6,468,0,749
11410-337,,지상,서울특별시 서대문구 증가로 10,0.0,2,0,0,0
11470-460,,지상,서울특별시 양천구 남부순환로33길 47,0.0,2,0,2,0
11470-113,,지상,서울특별시 양천구 월정로 223,0.0,2,0,2,0
11470-733,,지상,서울특별시 양천구 화곡로 72,98.2,2,0,0,21
11470-661,,지상,서울특별시 양천구 화곡로10길 19,132.47,2,0,0,37
11470-459,,지상,신월동 62-0,0.0,2,0,2,0
11320-100189750,,지상,서울특별시 도봉구 도당로 128-1,198.02,2,16,0,13
11230-100207042,,지상,답십리동 2-253,209.25,3,29,0,24
11260-100214849,,지상,서울특별시 중랑구 망우로67길 55,135.94,2,0,6,0
11230-100191461,,지상,장안동 464-3,270.33,1,0,0,33
11170-100195335,,지상,후암동 244-101,197.94,2,29,0,16
11320-100191124,,지상,방학동 616-32,199.92,2,16,0,13
11410-395,,지상,서울특별시 서대문구 수색로4길 7,0.0,2,0,1,0
11350-285,,지상,서울특별시 노원구 섬밭로 139,252.08,13,1426,0,1858
11410-100181637,,지상,연희동 1-1,0.0,2,0,0,0
11545-642,,지상,서울특별시 금천구 가산디지털1로 33-22,324.94,2,0,0,104
11590-1077,,지상,서울특별시 동작구 여의대방로44길 9,298.69,4,489,0,464
11590-18,,지상,서울특별시 동작구 여의대방로22길 24,251.41,2,132,0,136
11560-100226538,,지상,도림동 141-0,0.0,8,0,7,0
11530-100200909,,지상,개봉동 361-2,199.75,2,19,0,17
11530-100205020,,지상,구로동 100-10,45.4,2,0,0,3
11710-100460746,,지상,문정동 111-1,0.0,0,0,0,0
11230-266,,지상,서울특별시 동대문구 장안벚꽃로5길 10,248.69,7,216,0,290
11230-269,,지상,서울특별시 동대문구 홍릉로10길 48,299.96,5,390,0,463
11710-395,,지상,서울특별시 송파구 올림픽로 525,249.96,7,730,0,381
11740-30,,지상,서울특별시 강동구 천호대로168길 35,351.8,3,257,0,290
11740-100242813,,지상,서울특별시 강동구 천중로16길 37,198.19,9,99,0,70
11380-673,,지상,서울특별시 은평구 응암로 164,283.26,2,0,0,40
11530-417,,지상,서울특별시 구로구 구로중앙로27길 28-29,0.0,3,0,11,0
11500-100201224,,지상,서울특별시 강서구 화곡로66길 58,219.74,2,0,0,31
11500-146,,지상,서울특별시 강서구 방화동로 111,0.0,2,0,2,0
11320-134,,지상,도봉동 30-1,283.62,28,2678,0,0
11530-100211972,,지상,천왕동 280-0,170.76,12,571,0,695
11530-100185737,,지상,서울특별시 구로구 중앙로12길 7,240.39,3,216,0,252
11530-336,,지상,구로동 707-26,86.56,2,0,0,0
11560-507,,지상,서울특별시 영등포구 신길로 1,243.62,2,0,0,192
11590-1038,,지상,서울특별시 동작구 사당로2가길 102,287.57,10,719,0,755
11470-576,,지상,서울특별시 양천구 신정로 170,374.99,8,703,0,809
11140-641,,지상,서울특별시 중구 중림로4길 41,271.39,2,355,0,254
11230-1278,,지상,청량리동 744-0,86.38,2,0,0,0
11650-445,,지상,서울특별시 서초구 효령로61길 15,0.0,11,0,11,0
11710-100181274,,지상,서울특별시 송파구 올림픽로 135,275.25,65,5562,0,7876
11200-274,,지상,서울특별시 성동구 고산자로 319,0.0,0,0,22,0
11230-138,,지상,서울특별시 동대문구 황물로 34,0.0,3,0,0,3
11470-598,,지상,서울특별시 양천구 신목로 66,0.0,2,0,4,0
11530-147,,지상,서울특별시 구로구 오리로 1265,0.0,29,762,0,0
11545-465,,지상,서울특별시 금천구 벚꽃로6길 3,255.35,5,192,0,216
11680-231,,지상,서울특별시 강남구 광평로10길 50,89.45,14,291,0,0
11530-100264027,,지상,서울특별시 구로구 구일로2길 45,169.1,2,0,0,14
11710-191,,지상,서울특별시 송파구 오금로 407,0.0,7,814,0,0
11470-664,,지상,서울특별시 양천구 목동중앙북로8길 111,236.5,6,507,0,707
11560-1180,,지상,서울특별시 영등포구 경인로71길 50,53.78,5,0,1,22
11710-295,,지상,서울특별시 송파구 백제고분로15길 9,0.0,1,0,0,0
11380-423,,지상,서울특별시 은평구 은평로3길 25,76.42,4,0,0,0
11560-100192654,,지상,서울특별시 영등포구 국회대로 597,246.46,7,299,0,616
11200-1227,,지상,서울특별시 성동구 고산자로 164,295.96,21,1410,0,1535
11140-196,,지상,서울특별시 중구 새문안로 16,243.48,2,0,0,238
11110-647,,지상,서울특별시 종로구 새문안로 29,255.97,10,0,0,451
11740-100192607,,지상,서울특별시 강동구 상일로 74,177.05,43,2283,0,2616
11350-280,,지상,서울특별시 노원구 화랑로 727,30.77,15,0,0,0
11215-382,,지상,화양동 33-40,0.0,2,0,2,0
11260-100230591,,지상,서울특별시 중랑구 신내역로3길 56,19.97,2,0,0,38
11320-335,,지상,서울특별시 도봉구 시루봉로 107,0.0,3,553,0,0
11320-336,,지상,서울특별시 도봉구 방학로 193,0.0,15,1284,0,0
11350-100209614,,지상,서울특별시 노원구 마들로5길 89-27,1.45,7,0,0,78
11200-1154,,지상,서울특별시 성동구 고산자로4길 34,295.24,6,375,0,417
11260-100260630,,지상,서울특별시 중랑구 동일로92길 40,299.25,13,1505,0,2108
11260-34,,지상,서울특별시 중랑구 신내로 51,310.71,7,876,0,566
11740-100257222,,지상,서울특별시 강동구 올림픽로91길 30,472.99,6,460,0,587
11590-49,,지상,서울특별시 동작구 만양로 19,289.27,3,925,0,7
11200-100192483,,지상,금호동2가 1216-0,247.56,2,306,0,306
11200-1222,,지상,서울특별시 성동구 뚝섬로 51,247.61,5,269,0,308
11200-100188912,,지상,옥수동 560-0,248.91,7,297,0,444
11590-100186330,,지상,서울특별시 동작구 흑석로 84,174.96,24,0,0,1459
11680-267,,지상,서울특별시 강남구 압구정로77길 36,0.0,2,15,0,0
11650-393,,지상,서울특별시 서초구 방배중앙로 157,241.78,2,0,0,6
11470-592,,지상,서울특별시 양천구 신정로 225-12,248.66,4,153,0,211
11560-100253649,,지상,신길동 4955-0,255.66,7,612,0,673
11260-327,,지상,서울특별시 중랑구 봉화산로56길 112,237.65,4,214,0,236
11260-334,,지상,서울특별시 중랑구 송림길 114,65.52,3,0,0,21
11500-576,,지상,마곡동 429-0,264.3,9,479,0,549
11170-100189272,,지상,서울특별시 용산구 독서당로 111,120.47,33,600,0,1732
11500-769,,지상,서울특별시 강서구 방화대로21길 83,0.0,2,0,1,0
11230-527,,지상,서울특별시 동대문구 장안벚꽃로 167,299.73,28,1786,0,2073
11260-100258571,,지상,서울특별시 중랑구 봉화산로 188,82.75,2,0,0,28
11260-565,,지상,중화동 316-30,142.8,4,0,6,38
11215-286,,지상,서울특별시 광진구 천호대로 808,293.08,2,119,0,277
11215-13,,지상,서울특별시 광진구 아차산로 549,314.55,15,1170,0,1208
11440-165,,지상,서울특별시 마포구 동교로 128,272.85,2,0,0,10
11320-100199621,,지상,쌍문동 732-0,235.29,6,293,0,321
11560-2088,,지상,서울특별시 영등포구 도영로 80,399.4,2,0,0,247
11230-402,,지상,서울특별시 동대문구 천호대로93길 56,249.01,2,123,0,141
11230-528,,지상,서울특별시 동대문구 천호대로97길 61,249.13,2,124,0,139
11440-1474,,지상,서울특별시 마포구 가양대로 125,9.89,2,0,0,0
11230-359,,지상,서울특별시 동대문구 장한로26다길 84,274.65,3,193,0,237
11170-100201407,,지상,한남동 707-55,53.2,2,0,0,10
11440-1067,,지상,서울특별시 마포구 독막로7길 57,77.9,2,0,0,0
11440-932,,지상,서울특별시 마포구 월드컵북로 152,86.37,3,0,0,34
11650-339,,지상,서울특별시 서초구 서초중앙로 96,83.61,20,0,0,56
11650-100291735,,지상,서울특별시 서초구 남부순환로 2493,134.48,3,0,0,0
11305-602,,지상,서울특별시 강북구 도봉로78길 75,0.0,3,60,0,0
11560-1269,,지상,신길동 630-0,0.0,2,0,2,0
11215-100239649,,지상,군자동 362-1,116.87,2,0,0,20
11560-100205036,,지상,여의도동 23-3,699.7462,2,0,0,316
11500-100333892,,지상,서울특별시 강서구 화곡로66길 66,299.95,2,0,0,61
11680-410,,지상,서울특별시 강남구 언주로 211,297.79,2,0,0,735
11470-100242668,,지상,서울특별시 양천구 용왕정길 19,0.139,2,0,0,0
11110-447,,지상,서울특별시 종로구 우정국로 42,0.0,0,0,1,0
11290-100248492,,지상,성북동 133-50,0.0,2,0,0,0
11740-100191802,,지상,서울특별시 강동구 고덕로 427,169.19,12,636,0,746
11290-589,,지상,서울특별시 성북구 서경로 28,268.68,7,515,0,517
11590-946,,지상,서울특별시 동작구 상도로55길 25,197.42,2,91,0,137
11440-660,,지상,도화동 195-6,0.0,2,0,2,0
11590-39,,지상,서울특별시 동작구 노량진로 120,237.16,3,0,0,44
11380-534,,지상,수색동 154-17,0.0,2,0,0,0
11380-764,,지상,서울특별시 은평구 은평로 185,183.92,2,0,0,22
11320-439,,지상,서울특별시 도봉구 노해로70길 54,0.0,8,780,0,42
11320-360,,지상,서울특별시 도봉구 방학로 187,236.7,4,336,0,241
11260-38,,지상,서울특별시 중랑구 신내로7나길 3,44.24,2,0,1,0
11260-345,,지상,서울특별시 중랑구 신내로 127,188.38,15,1650,0,712
11215-482,,지상,서울특별시 광진구 용마산로22길 26,133.44,8,0,0,100
11305-100205261,,지상,번동 410-94,62.57,3,0,0,4
11380-43,,지상,서울특별시 은평구 갈현로29길 11,206.16,3,200,0,209
11215-65,,지상,서울특별시 광진구 아차산로 530,366.9,3,349,0,656
11380-100278914,,지상,서울특별시 은평구 통일로 1080,499.8,4,260,0,482
11590-540,,지상,서울특별시 동작구 양녕로23길 9,350.83,3,197,0,254
11380-100193821,,지상,서울특별시 은평구 진관1로 21-9,186.21,12,660,0,764
11650-210,,지상,서울특별시 서초구 서초대로18길 6,206.29,2,87,0,112
11590-100203616,,지상,흑석동 336-0,222.64,18,863,0,1155
11680-100235949,,지상,역삼동 675-3,394.72,2,0,0,253
11740-100276362,,지상,서울특별시 강동구 아리수로93가길 110,202.05,13,1239,0,1160
11740-164,,지상,서울특별시 강동구 상암로12길 24,340.23,2,174,0,0
11740-335,,지상,서울특별시 강동구 상암로 251,181.28,15,1320,0,674
11170-100217662,,지상,서울특별시 용산구 원효로 57-8,5.8942,1,0,0,0
11350-454,,지상,서울특별시 노원구 동일로230가길 71,248.49,2,175,0,217
11350-530,,지상,서울특별시 노원구 동일로238길 33,0.0,1,100,0,0
11290-767,,지상,서울특별시 성북구 북악산로 813,309.32,8,823,0,708
11440-1350,,지상,서울특별시 마포구 숭문길 106,217.36,7,678,0,233
11740-75,,지상,서울특별시 강동구 천호대로168가길 47-17,0.0,3,0,3,0
11110-100194137,,지상,사직동 1-28,0.0,10,0,0,0
11320-394,,지상,서울특별시 도봉구 마들로 551,292.27,16,1352,0,0
11170-118,,지상,서울특별시 용산구 이촌로65가길 91,71.8,5,0,0,43
11440-1587,,지상,서울특별시 마포구 숭문길 99,36.81,5,0,0,64
11710-100456946,,지상,장지동 901-0,194.05,23,1810,0,2080
11590-863,,지상,서울특별시 동작구 신대방1가길 38,519.77,6,545,0,1573
11470-100183867,,지상,서울특별시 양천구 오목로10길 11,249.55,2,60,0,60
11560-1627,,지상,서울특별시 영등포구 도림로139가길 5,0.0,2,0,1,0
11560-1636,,지상,서울특별시 영등포구 경인로 715,0.0,2,0,0,0
11530-721,,지상,서울특별시 구로구 개봉로2길 133-15,288.42,12,684,0,827
11350-511,,지상,공릉동 23-2,0.0,2,0,0,0
11560-100247643,,지상,당산동4가 99-0,218.66,3,198,0,302
11740-100275362,,지상,서울특별시 강동구 고덕로 399,499.72,9,656,0,956
11290-1152,,지상,서울특별시 성북구 솔샘로24길 15,243.22,11,739,0,819
11260-36,,지상,서울특별시 중랑구 봉우재로58길 39,70.77,10,0,0,92
11710-344,,지상,서울특별시 송파구 동남로 281,64.21,3,0,0,53
11710-187,,지상,서울특별시 송파구 한가람로 468,391.21,2,236,0,253
11110-464,,지상,서울특별시 종로구 자하문로 255,82.99,2,0,0,96
11545-341,,지상,가산동 345-35,220.08,4,0,0,109
11110-729,,지상,서울특별시 종로구 창의문로 131,0.0,2,0,1,0
11110-150,,지상,연건동 28-22,115.3,9,0,0,0
11200-149,,지상,사근동 214-1,0.0,0,0,2,0
11320-122,,지상,서울특별시 도봉구 우이천로20길 7,322.15,6,300,0,390
11710-110,,지상,서울특별시 송파구 올림픽로 424,29.97,6,0,0,697
11710-239,,지상,서울특별시 송파구 마천로61다길 24,67.63,2,0,0,0
11710-456,,지상,서울특별시 송파구 오금로32길 10,0.0,6,378,0,0
11350-606,,지상,서울특별시 노원구 덕릉로112길 24,221.51,5,234,0,285
11290-816,,지상,서울특별시 성북구 정릉로 388,196.26,10,540,0,685
11290-772,,지상,서울특별시 성북구 아리랑로4길 45,127.48,2,0,1,20
11680-376,,지상,서울특별시 강남구 개포로109길 69,250.64,5,212,0,502
11290-432,,지상,서울특별시 성북구 종암로21길 127,222.71,7,513,0,576
11170-164,,지상,서울특별시 용산구 소월로 272,226.39,3,0,0,90
11200-100236718,,지상,성수동2가 277-15,224.0,4,0,0,165
11380-763,,지상,서울특별시 은평구 불광로 170,244.28,3,155,0,151
11530-100242753,,지상,서울특별시 구로구 금오로 882,191.69,5,298,0,167
11380-655,,지상,서울특별시 은평구 증산로 221,389.75,2,85,0,0
11380-600,,지상,서울특별시 은평구 증산로3길 8,65.02,3,0,0,23
11380-579,,지상,서울특별시 은평구 증산로 425,0.0,2,0,1,0
11380-230,,지상,증산동 189-5,0.0,0,0,0,0
11380-22,,지상,서울특별시 은평구 불광로 90,402.11,3,198,198,314
11680-103,,지상,서울특별시 강남구 개포로109길 5,0.0,27,4199,0,0
11350-40,,지상,서울특별시 노원구 동일로231길 24,76.68,2,0,0,32
11740-661,,지상,서울특별시 강동구 올림픽로 837,95.45,6,0,0,48
11200-127,,지상,서울특별시 성동구 고산자로 349,0.0,2,0,0,0
11200-301,,지상,성수동2가 322-32,67.65,3,0,0,4
11290-1523,,지상,서울특별시 성북구 동소문로23길 48,157.5,2,0,6,5
11530-622,,지상,서울특별시 구로구 디지털로27길 76,58.4,2,0,0,84
11290-1397,,지상,서울특별시 성북구 동소문로 290,0.0,3,0,1,0
11290-100227453,,지상,성북동 15-136,58.8,2,0,1,4
11110-100182070,,지상,서울특별시 종로구 통일로16길 8-3,247.39,19,810,0,1105
11470-330,,지상,서울특별시 양천구 중앙로53길 5,0.0,4,202,0,220
11740-100183682,,지상,서울특별시 강동구 고덕로97길 20,177.67,13,694,0,798
11740-439,,지상,서울특별시 강동구 올림픽로 738,0.0,2,0,2,14
11410-507,,지상,서울특별시 서대문구 백련사길 55,80.46,3,0,0,5
11260-329,,지상,서울특별시 중랑구 신내역로 25,8.56,5,0,0,398
11740-535,,지상,서울특별시 강동구 풍성로65길 34,0.0,3,196,0,81
11380-100309494,,지상,서울특별시 은평구 백련산로 67,239.41,10,678,0,859
11260-44,,지상,서울특별시 중랑구 망우로 411,297.81,2,0,0,47
11350-126,,지상,서울특별시 노원구 공릉로 420,81.75,2,0,0,37
11350-173,,지상,서울특별시 노원구 광운로2길 1,89.9,2,0,0,0
11650-308,,지상,서울특별시 서초구 서초중앙로29길 28,0.0,10,1260,0,0
11290-100190374,,지상,서울특별시 성북구 북악산로 742-12,304.25,4,212,0,274
11290-1740,,지상,안암동5가 104-0,0.0,8,0,8,0
11650-138,,지상,서울특별시 서초구 서초중앙로 14,699.0,4,332,0,757
11530-588,,지상,서울특별시 구로구 구일로8길 63,0.0,3,488,0,0
11650-193,,지상,서울특별시 서초구 사평대로14길 12,249.93,2,63,0,206
11560-48,,지상,서울특별시 영등포구 선유로47길 34,376.31,3,216,0,228
11380-100196693,,지상,서울특별시 은평구 은평터널로7길 6,81.15,12,0,0,90
11305-419,,지상,서울특별시 강북구 삼양로97길 1,63.9,4,0,2,27
